contract_id,customer_id,contract_type,start_date,end_date,currency,price_adjustment_clause,discount_pct,target_margin_pct,status
CTR0001,CUST001,Price Agreement,2024-07-01,2024-12-31,USD,FX monthly,0.0522,0.3186,Active
CTR0002,CUST002,ADP,2024-01-01,2026-14-30,USD,Fixed price,0.0574,0.3044,Expired
CTR0004,CUST004,Frame Agreement,2025-01-01,2026-06-30,USD,CPI semiannual cap 3%,0.1089,0.2688,Expired
CTR0005,CUST005,Consignment,2025-01-01,2024-12-31,USD,Annual supplier list,0.1351,0.2362,Active
CTR0006,CUST006,Price Agreement,2025-01-01,2026-12-31,USD,FX monthly,0.0488,0.29,Active
CTR0007,CUST007,Frame Agreement,2025-01-01,2026-06-30,USD,Fixed price,0.105,0.2608,Expired
CTR0008,CUST008,Frame Agreement,2024-07-01,2026-06-30,USD,CPI semiannual cap 3%,0.1149,0.3289,Expired
CTR0009,CUST009,Consignment,2024-01-01,2025-02-31,USD,Fixed price,0.0773,0.3568,Active
CTR0010,CUST010,ADP,2024-04-01,2025-12-31,USD,Fixed price,0.0651,0.2292,Expired
CTR0011,CUST011,Consignment,2024-07-01,2024-12-31,USD,Annual supplier list,0.0977,0.309,Active
CTR0012,CUST012,Price Agreement,2024-01-01,2027-03-31,USD,FX monthly,0.1213,0.3592,Active
CTR0013,CUST013,Price Agreement,2025-01-01,2025-12-31,USD,FX monthly,0.0502,0.2859,Expired
CTR0014,CUST014,Price Agreement,2024-04-01,2025-12-31,USD,Fixed price,0.1182,0.3567,Expired
CTR0015,CUST015,Frame Agreement,2024-04-01,2025-06-30,USD,CPI semiannual cap 3%,0.0457,0.2583,Active
