contract_id,product_id,contract_unit_price_usd,min_order_qty,max_discount_pct
CTR0001,PRD0063,6466.75,2,0.062
CTR0001,PRD0024,27244.6,1,0.0755
CTR0001,PRD0065,1567.9,1,0.0898
CTR0001,PRD0015,40184.71,2,0.07
CTR0001,PRD0058,3301.75,1,0.0852
CTR0001,PRD0073,33001.23,5,0.0846
CTR0001,PRD0105,557.5,2,0.0723
CTR0001,PRD0028,8428.57,1,0.0579
CTR0001,PRD0119,800.26,1,0.0551
CTR0001,PRD0026,11322.69,5,0.0792
CTR0001,PRD0008,5935.52,1,0.0578
CTR0001,PRD0096,1534.83,1,0.0568
CTR0001,PRD0112,22533.5,1,0.0807
CTR0001,PRD0104,6267.28,2,0.058
CTR0001,PRD0098,1394.18,1,0.0569
CTR0001,PRD0025,700.87,2,0.0799
CTR0001,PRD0034,9899.08,1,0.0854
CTR0001,PRD0053,991.09,1,0.089
CTR0001,PRD0057,11233.7,1,0.0755
CTR0001,PRD0081,1224.64,2,0.069
CTR0001,PRD0080,5994.24,1,0.0787
CTR0001,PRD0014,45091.76,1,0.0559
CTR0001,PRD0082,1981.98,2,0.0711
CTR0001,PRD0022,1164.56,5,0.0807
CTR0001,PRD0011,40521.23,5,0.0868
CTR0001,PRD0038,54248.1,2,0.0552
CTR0001,PRD0109,32266.34,1,0.0549
CTR0001,PRD0049,592.31,2,0.0529
CTR0001,PRD0016,402.85,1,0.055
CTR0001,PRD0036,3187.28,5,0.0909
CTR0001,PRD0009,1562.16,5,0.0563
CTR0001,PRD0044,34458.46,1,0.0533
CTR0001,PRD0004,6639.59,2,0.0582
CTR0001,PRD0075,1456.46,1,0.0531
CTR0001,PRD0031,11120.36,1,0.0622
CTR0001,PRD0062,17887.25,1,0.0669
CTR0001,PRD0120,12065.48,1,0.0675
CTR0001,PRD0013,1594.07,1,0.0779
CTR0001,PRD0002,21652.59,5,0.0651
CTR0001,PRD0110,6525.3,1,0.0589
CTR0001,PRD0035,7517.87,1,0.0891
CTR0001,PRD0001,40886.26,2,0.0563
CTR0002,PRD0120,11999.29,2,0.0697
CTR0002,PRD0063,6431.27,1,0.0879
CTR0002,PRD0061,8103.27,1,0.0645
CTR0002,PRD0097,864.78,2,0.0734
CTR0002,PRD0044,34269.41,2,0.0579
CTR0002,PRD0078,11347.58,1,0.0685
CTR0002,PRD0055,473.33,2,0.0695
CTR0002,PRD0116,15985.04,1,0.0701
CTR0002,PRD0048,6667.2,5,0.0656
CTR0002,PRD0088,1064.02,2,0.0902
CTR0002,PRD0113,1810.58,5,0.0825
CTR0002,PRD0041,19117.99,1,0.0728
CTR0002,PRD0105,554.44,2,0.0727
CTR0002,PRD0031,11059.35,5,0.0581
CTR0002,PRD0047,6383.74,1,0.0787
CTR0002,PRD0086,4968.23,1,0.0659
CTR0002,PRD0052,10848.85,2,0.0585
CTR0002,PRD0049,589.06,5,0.0657
CTR0002,PRD0079,9908.25,1,0.089
CTR0002,PRD0008,5902.96,5,0.0701
CTR0002,PRD0046,438.76,1,0.0772
CTR0002,PRD0043,25484.34,5,0.0928
CTR0002,PRD0013,1585.32,1,0.0776
CTR0002,PRD0001,40661.94,2,0.0639
CTR0002,PRD0059,26714.01,1,0.0601
CTR0002,PRD0090,2459.39,1,0.0774
CTR0002,PRD0104,6232.9,1,0.0625
CTR0002,PRD0093,37791.28,2,0.0862
CTR0002,PRD0018,1166.88,5,0.0912
CTR0002,PRD0004,6603.17,2,0.071
CTR0002,PRD0115,8078.47,2,0.0718
CTR0002,PRD0016,400.64,1,0.0826
CTR0002,PRD0068,10660.38,5,0.0702
CTR0002,PRD0036,3169.79,1,0.0647
CTR0002,PRD0032,752.56,1,0.0658
CTR0002,PRD0112,22409.87,1,0.0878
CTR0002,PRD0058,3283.63,2,0.0957
CTR0002,PRD0080,5961.35,5,0.0908
CTR0002,PRD0118,12964.12,2,0.0823
CTR0002,PRD0066,358.17,1,0.0683
CTR0002,PRD0053,985.65,2,0.0576
CTR0002,PRD0025,697.02,1,0.0913
CTR0002,PRD0117,1409.13,1,0.0822
CTR0002,PRD0042,5011.86,5,0.0889
CTR0002,PRD0003,10621.38,2,0.0953
CTR0002,PRD0106,14113.66,2,0.077
CTR0002,PRD0006,10163.08,2,0.0657
CTR0004,PRD0085,8702.68,1,0.1136
CTR0004,PRD0110,6134.94,1,0.131
CTR0004,PRD0090,2325.02,2,0.1348
CTR0004,PRD0116,15111.68,2,0.1306
CTR0004,PRD0013,1498.71,2,0.1322
CTR0004,PRD0094,20854.05,2,0.1476
CTR0004,PRD0050,286.47,1,0.1459
CTR0004,PRD0038,51002.83,1,0.1091
CTR0004,PRD0078,10727.6,5,0.1479
CTR0004,PRD0025,658.94,5,0.1387
CTR0004,PRD0092,15676.54,5,0.1337
CTR0004,PRD0019,1954.32,1,0.115
CTR0004,PRD0067,512.53,2,0.1211
CTR0004,PRD0074,32194.56,5,0.1232
CTR0004,PRD0101,6729.78,1,0.1468
CTR0004,PRD0119,752.38,1,0.1397
CTR0004,PRD0065,1474.1,5,0.1227
CTR0004,PRD0005,5012.03,1,0.1202
CTR0004,PRD0017,6463.41,1,0.1379
CTR0004,PRD0064,24124.72,1,0.1445
CTR0004,PRD0012,451.72,1,0.128
CTR0004,PRD0039,10556.9,1,0.1458
CTR0004,PRD0087,2111.8,2,0.1164
CTR0004,PRD0071,1129.28,5,0.1299
CTR0004,PRD0060,18239.55,1,0.1149
CTR0004,PRD0022,1094.89,5,0.1308
CTR0004,PRD0058,3104.23,1,0.1399
CTR0004,PRD0015,37780.75,2,0.1314
CTR0004,PRD0062,16817.19,5,0.1253
CTR0004,PRD0120,11343.69,1,0.1468
CTR0004,PRD0070,41010.68,5,0.1224
CTR0004,PRD0031,10455.11,1,0.1357
CTR0004,PRD0032,711.45,2,0.1153
CTR0004,PRD0028,7924.35,5,0.1404
CTR0004,PRD0095,10195.98,1,0.1174
CTR0004,PRD0091,784.83,1,0.1148
CTR0004,PRD0100,2562.76,1,0.1467
CTR0004,PRD0014,42394.24,1,0.1399
CTR0004,PRD0056,31645.46,2,0.1483
CTR0004,PRD0004,6242.4,2,0.1436
CTR0004,PRD0021,1322.84,2,0.1155
CTR0004,PRD0042,4738.03,1,0.1405
CTR0004,PRD0114,2555.34,5,0.116
CTR0004,PRD0036,2996.61,1,0.1287
CTR0004,PRD0029,10889.75,1,0.1127
CTR0004,PRD0033,9712.65,2,0.1472
CTR0004,PRD0061,7660.54,2,0.148
CTR0004,PRD0016,378.75,5,0.1321
CTR0004,PRD0018,1103.13,1,0.1332
CTR0004,PRD0069,6979.19,1,0.1112
CTR0004,PRD0063,6079.9,1,0.1161
CTR0004,PRD0084,37124.76,1,0.1386
CTR0004,PRD0043,24091.98,5,0.1415
CTR0004,PRD0076,20230.58,2,0.132
CTR0004,PRD0009,1468.71,1,0.1105
CTR0004,PRD0044,32397.06,1,0.1287
CTR0004,PRD0049,556.88,1,0.1388
CTR0004,PRD0059,25254.46,1,0.1317
CTR0004,PRD0046,414.79,1,0.1213
CTR0004,PRD0048,6302.93,1,0.1424
CTR0005,PRD0015,36669.93,5,0.1429
CTR0005,PRD0012,438.44,1,0.1468
CTR0005,PRD0044,31444.53,2,0.164
CTR0005,PRD0095,9896.2,1,0.1399
CTR0005,PRD0076,19635.76,1,0.1572
CTR0005,PRD0025,639.57,1,0.1681
CTR0005,PRD0096,1400.58,1,0.1558
CTR0005,PRD0120,11010.17,2,0.153
CTR0005,PRD0074,31247.98,1,0.1567
CTR0005,PRD0048,6117.61,1,0.1373
CTR0005,PRD0017,6273.37,5,0.1648
CTR0005,PRD0041,17542.07,1,0.1466
CTR0005,PRD0049,540.5,2,0.1388
CTR0005,PRD0112,20562.59,5,0.1601
CTR0005,PRD0117,1292.97,1,0.1426
CTR0005,PRD0001,37310.12,5,0.1591
CTR0005,PRD0040,12600.19,5,0.1447
CTR0005,PRD0008,5416.37,5,0.1534
CTR0005,PRD0116,14667.37,5,0.1629
CTR0005,PRD0069,6773.99,1,0.1676
CTR0005,PRD0115,7412.55,5,0.1691
CTR0005,PRD0050,278.05,2,0.164
CTR0005,PRD0055,434.31,2,0.1367
CTR0005,PRD0109,29444.15,5,0.1716
CTR0005,PRD0047,5857.52,1,0.1504
CTR0005,PRD0087,2049.71,2,0.1562
CTR0005,PRD0110,5954.56,5,0.1446
CTR0005,PRD0067,497.46,2,0.1568
CTR0005,PRD0085,8446.8,1,0.1485
CTR0005,PRD0078,10412.19,1,0.1574
CTR0005,PRD0102,1045.54,2,0.1627
CTR0005,PRD0029,10569.57,1,0.1619
CTR0005,PRD0014,41147.77,1,0.1371
CTR0005,PRD0051,31936.89,1,0.1628
CTR0005,PRD0002,19758.73,1,0.1405
CTR0006,PRD0019,2086.12,1,0.0746
CTR0006,PRD0077,337.35,5,0.0738
CTR0006,PRD0037,422.04,1,0.074
CTR0006,PRD0120,12108.77,5,0.0686
CTR0006,PRD0096,1540.34,1,0.0846
CTR0006,PRD0086,5013.56,2,0.073
CTR0006,PRD0109,32382.09,5,0.063
CTR0006,PRD0103,8024.87,5,0.068
CTR0006,PRD0106,14242.43,1,0.0568
CTR0006,PRD0090,2481.83,2,0.0809
CTR0006,PRD_CLX_902,5350.06,5,0.0627
CTR0006,PRD0119,803.13,5,0.0542
CTR0006,PRD0041,19292.42,5,0.0561
CTR0006,PRD0040,13857.44,2,0.0595
CTR0006,PRD0065,1573.52,1,0.0618
CTR0006,PRD0089,9722.01,1,0.0781
CTR0006,PRD0016,404.3,1,0.0778
CTR0006,PRD0036,3198.71,2,0.0611
CTR0006,PRD0091,837.76,1,0.0545
CTR0006,PRD0074,34365.91,1,0.0875
CTR0006,PRD0062,17951.42,5,0.0729
CTR0006,PRD0081,1229.04,2,0.0525
CTR0006,PRD0028,8458.8,1,0.0491
CTR0006,PRD0064,25751.81,5,0.0691
CTR0006,PRD_CLX_546,54442.7,5,0.0676
CTR0006,PRD0102,1149.87,5,0.052
CTR0006,PRD0049,594.43,2,0.0722
CTR0006,PRD0008,5956.81,5,0.0514
CTR0006,PRD0043,25716.85,2,0.0518
CTR0006,PRD0020,16911.83,1,0.0514
CTR0006,PRD0027,7009.04,1,0.0613
CTR0006,PRD0029,11624.21,2,0.0847
CTR0006,PRD0007,5129.94,2,0.087
CTR0006,PRD0023,4710.48,1,0.0509
CTR0006,PRD0063,6489.95,2,0.0641
CTR0006,PRD0051,35123.56,1,0.0878
CTR0006,PRD0039,11268.9,2,0.0501
CTR0006,PRD0021,1412.06,1,0.0595
CTR0006,PRD0003,10718.28,2,0.0708
CTR0006,PRD0071,1205.45,1,0.0818
CTR0006,PRD0085,9289.63,1,0.051
CTR0006,PRD0044,34582.07,1,0.0824
CTR0006,PRD0055,477.65,5,0.0741
CTR0006,PRD0061,8177.2,5,0.0629
CTR0006,PRD0045,6684.94,1,0.0868
CTR0006,PRD0080,6015.74,2,0.0864
CTR0006,PRD0075,1461.68,2,0.0566
CTR0006,PRD0010,8162.38,2,0.0629
CTR0006,PRD0068,10757.64,1,0.0796
CTR0006,PRD0118,13082.4,5,0.0615
CTR0006,PRD0099,2717.42,5,0.0547
CTR0006,PRD_CLX_670,703.38,1,0.0875
CTR0006,PRD0101,7183.67,2,0.0754
CTR0006,PRD0013,1599.79,5,0.0667
CTR0006,PRD0017,6899.33,5,0.0551
CTR0006,PRD0042,5057.59,2,0.0761
CTR0006,PRD0088,1073.72,1,0.0621
CTR0006,PRD0078,11451.12,2,0.0801
CTR0006,PRD0060,19469.71,1,0.0595
CTR0007,PRD0027,6594.92,1,0.1408
CTR0007,PRD0028,7959.03,5,0.1438
CTR0007,PRD0103,7550.74,2,0.11
CTR0007,PRD0096,1449.33,1,0.1322
CTR0007,PRD0026,10691.93,5,0.1375
CTR0007,PRD0095,10240.61,2,0.1072
CTR0007,PRD0084,37287.24,2,0.1399
CTR0007,PRD0002,20446.36,5,0.1306
CTR0007,PRD0047,6061.37,1,0.1193
CTR0007,PRD0093,35882.87,1,0.1423
CTR0007,PRD0110,6161.79,2,0.131
CTR0007,PRD0074,32335.46,5,0.1055
CTR0007,PRD0014,42579.79,1,0.1127
CTR0007,PRD0087,2121.04,1,0.1248
CTR0007,PRD0101,6759.24,1,0.1058
CTR0007,PRD0019,1962.87,1,0.1414
CTR0007,PRD0049,559.31,5,0.1161
CTR0007,PRD0055,449.42,1,0.1371
CTR0007,PRD0107,36975.05,1,0.132
CTR0007,PRD0022,1099.69,1,0.1075
CTR0007,PRD0008,5604.87,1,0.1223
CTR0007,PRD0013,1505.26,1,0.1294
CTR0007,PRD0046,416.6,2,0.1236
CTR0007,PRD0061,7694.06,5,0.1054
CTR0007,PRD0023,4432.17,1,0.1288
CTR0007,PRD0007,4826.84,5,0.1114
CTR0007,PRD0016,380.41,5,0.1245
CTR0007,PRD0066,340.08,5,0.1112
CTR0007,PRD0114,2566.52,1,0.1356
CTR0007,PRD0044,32538.85,1,0.1281
CTR0007,PRD0076,20319.12,2,0.1226
CTR0007,PRD0056,31783.96,2,0.1325
CTR0007,PRD0020,15912.63,5,0.1437
CTR0007,PRD0081,1156.42,1,0.1132
CTR0007,PRD0052,10300.99,1,0.1267
CTR0007,PRD0032,714.56,5,0.1131
CTR0007,PRD0005,5033.96,1,0.1348
CTR0007,PRD0094,20945.32,1,0.1228
CTR0007,PRD0031,10500.86,2,0.1101
CTR0008,PRD0049,553.13,5,0.1409
CTR0008,PRD0036,2976.43,1,0.1547
CTR0008,PRD0081,1143.63,5,0.14
CTR0008,PRD0084,36874.79,1,0.1353
CTR0008,PRD0057,10490.56,2,0.1291
CTR0008,PRD0048,6260.49,1,0.144
CTR0008,PRD0002,20220.2,5,0.1252
CTR0008,PRD0016,376.2,2,0.151
CTR0008,PRD0015,37526.36,1,0.1324
CTR0008,PRD0011,37840.62,5,0.1377
CTR0008,PRD0113,1700.14,5,0.1317
CTR0008,PRD0063,6038.96,5,0.121
CTR0008,PRD0083,3928.14,1,0.1222
CTR0008,PRD0086,4665.16,5,0.1456
CTR0008,PRD0066,336.32,1,0.1156
CTR0008,PRD0029,10816.43,1,0.1493
CTR0008,PRD0003,9973.46,5,0.1345
CTR0008,PRD0076,20094.36,1,0.1263
CTR0008,PRD0074,31977.79,2,0.1364
CTR0008,PRD0102,1069.96,1,0.1216
CTR0008,PRD0062,16703.95,5,0.1223
CTR0008,PRD0119,747.32,5,0.132
CTR0008,PRD0089,9046.41,5,0.1409
CTR0008,PRD0096,1433.3,1,0.1306
CTR0008,PRD0013,1488.61,5,0.1338
CTR0008,PRD0103,7467.22,2,0.1369
CTR0008,PRD0024,25442.28,2,0.129
CTR0008,PRD0050,284.54,1,0.1326
CTR0008,PRD0100,2545.5,1,0.1287
CTR0008,PRD0108,20570.98,5,0.1368
CTR0008,PRD0090,2309.37,5,0.1252
CTR0008,PRD0056,31432.38,1,0.1177
CTR0008,PRD0039,10485.82,1,0.1248
CTR0008,PRD0101,6684.47,1,0.1426
CTR0008,PRD0017,6419.89,5,0.1372
CTR0008,PRD0097,812.03,5,0.1202
CTR0008,PRD0042,4706.13,5,0.1473
CTR0008,PRD0009,1458.82,1,0.1495
CTR0008,PRD0069,6932.2,5,0.1265
CTR0008,PRD0094,20713.63,1,0.1476
CTR0008,PRD0052,10187.05,5,0.1202
CTR0008,PRD0104,5852.68,1,0.1404
CTR0008,PRD0051,32682.79,1,0.1154
CTR0008,PRD0072,10010.44,2,0.1215
CTR0008,PRD0082,1850.87,1,0.1166
CTR0008,PRD0068,10010.08,2,0.147
CTR0008,PRD0109,30131.82,2,0.1507
CTR0008,PRD0091,779.54,5,0.1494
CTR0008,PRD_CLX_855,509.07,5,0.1548
CTR0008,PRD0095,10127.33,2,0.1283
CTR0008,PRD_CLX_775,6093.63,1,0.1333
CTR0008,PRD0027,6521.97,1,0.1395
CTR0008,PRD0070,40734.54,2,0.1526
CTR0008,PRD0118,12173.28,1,0.1457
CTR0008,PRD0077,313.91,1,0.1337
CTR0008,PRD0001,38181.51,1,0.1443
CTR0008,PRD0058,3083.33,1,0.1266
CTR0008,PRD0080,5597.7,1,0.1542
CTR0008,PRD0021,1313.93,5,0.1246
CTR0008,PRD0008,5542.87,2,0.1484
CTR0008,PRD0079,9303.83,1,0.1268
CTR0008,PRD0073,30818.09,1,0.1439
CTR0008,PRD0037,392.71,5,0.1467
CTR0008,PRD0014,42108.79,5,0.1198
CTR0008,PRD0117,1323.17,2,0.1472
CTR0008,PRD0111,10785.01,1,0.1373
CTR0008,PRD0006,9543.11,1,0.1335
CTR0008,PRD0099,2528.58,5,0.1299
CTR0008,PRD0107,36566.05,5,0.1539
CTR0008,PRD0120,11267.31,5,0.1439
CTR0008,PRD0060,18116.74,2,0.1188
CTR0009,PRD0001,39803.5,1,0.0846
CTR0009,PRD0032,736.67,1,0.1033
CTR0009,PRD0039,10931.26,5,0.0908
CTR0009,PRD0006,9948.51,2,0.0954
CTR0009,PRD0067,530.7,2,0.0914
CTR0009,PRD0101,6968.43,2,0.1058
CTR0009,PRD0038,52811.48,2,0.1025
CTR0009,PRD0085,9011.29,1,0.11
CTR0009,PRD0069,7226.69,1,0.1163
CTR0009,PRD0057,10936.21,5,0.1009
CTR0009,PRD0018,1142.25,1,0.1094
CTR0009,PRD0074,33336.24,2,0.1046
CTR0009,PRD0063,6295.5,2,0.0963
CTR0009,PRD0089,9430.71,1,0.0938
CTR0009,PRD0041,18714.38,1,0.0897
CTR0009,PRD0116,15647.57,2,0.0988
CTR0009,PRD0046,429.5,1,0.1111
CTR0009,PRD0078,11108.02,1,0.0987
CTR0009,PRD0112,21936.76,1,0.0882
CTR0009,PRD0066,350.61,5,0.1163
CTR0009,PRD0027,6799.03,1,0.1166
CTR0009,PRD0107,38119.41,1,0.0939
CTR0009,PRD0013,1551.85,2,0.0838
CTR0009,PRD0113,1772.36,2,0.0831
CTR0009,PRD0117,1379.38,1,0.106
CTR0009,PRD0031,10825.86,1,0.0818
CTR0009,PRD0005,5189.76,1,0.1027
CTR0009,PRD0025,682.31,1,0.1013
CTR0009,PRD0019,2023.62,1,0.0928
CTR0009,PRD0118,12690.42,2,0.1069
CTR0009,PRD0028,8205.36,5,0.0962
CTR0009,PRD0110,6352.49,2,0.0922
CTR0009,PRD0103,7784.43,1,0.0855
CTR0009,PRD0071,1169.33,1,0.0886
CTR0009,PRD0090,2407.47,2,0.1145
CTR0009,PRD0076,20947.99,1,0.0995
CTR0009,PRD0104,6101.31,2,0.0827
CTR0009,PRD0036,3102.87,5,0.1029
CTR0009,PRD0017,6692.61,1,0.115
CTR0009,PRD0080,5835.5,1,0.0833
CTR0009,PRD0055,463.33,5,0.0775
CTR0009,PRD0010,7917.82,1,0.1095
CTR0009,PRD0087,2186.69,2,0.0988
CTR0009,PRD0033,10057.08,1,0.1006
CTR0009,PRD0034,9636.93,1,0.0865
CTR0009,PRD0049,576.62,5,0.1146
CTR0009,PRD0021,1369.75,2,0.0794
CTR0009,PRD0052,10619.81,1,0.0996
CTR0009,PRD0059,26150.03,1,0.081
CTR0009,PRD0011,39448.13,2,0.1129
CTR0009,PRD0077,327.24,1,0.1088
CTR0009,PRD0081,1192.21,5,0.1171
CTR0009,PRD0092,16232.46,2,0.0829
CTR0009,PRD0100,2653.64,1,0.1166
CTR0009,PRD0079,9699.07,5,0.097
CTR0009,PRD0035,7318.78,1,0.0995
CTR0009,PRD0093,36993.43,2,0.1122
CTR0009,PRD0084,38441.27,2,0.091
CTR0009,PRD0024,26523.09,1,0.09
CTR0009,PRD0037,409.39,1,0.1003
CTR0009,PRD0043,24946.32,2,0.0808
CTR0009,PRD0042,4906.05,5,0.1092
CTR0009,PRD0053,964.84,5,0.1028
CTR0009,PRD0070,42464.99,2,0.0831
CTR0009,PRD0091,812.66,2,0.1076
CTR0009,PRD0088,1041.55,2,0.1095
CTR0009,PRD0105,542.73,1,0.0778
CTR0009,PRD0058,3214.31,2,0.0987
CTR0009,PRD0115,7907.92,5,0.0872
CTR0009,PRD0109,31411.85,2,0.0794
CTR0009,PRD0086,4863.34,1,0.0947
CTR0009,PRD0064,24980.23,5,0.1026
CTR0010,PRD0012,473.92,1,0.0938
CTR0010,PRD0047,6331.59,1,0.0697
CTR0010,PRD0117,1397.62,1,0.0938
CTR0010,PRD0043,25276.16,1,0.0677
CTR0010,PRD0100,2688.73,5,0.0909
CTR0010,PRD0035,7415.55,1,0.0697
CTR0010,PRD0019,2050.38,1,0.0916
CTR0010,PRD0112,22226.81,1,0.0677
CTR0010,PRD0103,7887.36,1,0.1045
CTR0010,PRD0029,11425.01,5,0.0671
CTR0010,PRD0036,3143.9,1,0.1036
CTR0010,PRD0002,21357.88,1,0.081
CTR0010,PRD0013,1572.37,5,0.0948
CTR0010,PRD0049,584.25,1,0.0846
CTR0010,PRD0111,11391.82,1,0.0792
CTR0010,PRD0107,38623.43,5,0.0946
CTR0010,PRD0014,44478.04,5,0.0793
CTR0010,PRD0101,7060.57,1,0.073
CTR0010,PRD0016,397.37,1,0.0896
CTR0010,PRD0023,4629.76,1,0.0655
CTR0010,PRD0068,10573.3,5,0.0819
CTR0010,PRD0094,21879.08,1,0.0956
CTR0010,PRD0040,13619.98,1,0.0707
CTR0010,PRD0076,21224.97,2,0.079
CTR0010,PRD0063,6378.74,1,0.0818
CTR0010,PRD0108,21728.4,2,0.1012
CTR0010,PRD0116,15854.46,1,0.0741
CTR0010,PRD0045,6570.38,1,0.0677
CTR0010,PRD0090,2439.3,5,0.0827
CTR0010,PRD0074,33777.01,1,0.0777
CTR0010,PRD0037,414.81,5,0.0977
CTR0010,PRD0071,1184.79,1,0.084
CTR0010,PRD0115,8012.48,1,0.0658
CTR0010,PRD0078,11254.89,2,0.0996
CTR0010,PRD0095,10697.14,1,0.0674
CTR0010,PRD0007,5042.03,5,0.068
CTR0010,PRD0022,1148.71,2,0.0976
CTR0010,PRD0041,18961.82,1,0.0831
CTR0010,PRD0050,300.55,5,0.0938
CTR0010,PRD0024,26873.78,1,0.0922
CTR0010,PRD0093,37482.56,1,0.0902
CTR0010,PRD0069,7322.24,2,0.0957
CTR0010,PRD0089,9555.41,2,0.0875
CTR0010,PRD0077,331.57,1,0.0982
CTR0010,PRD0052,10760.22,1,0.0848
CTR0010,PRD0062,17643.8,1,0.0724
CTR0010,PRD0017,6781.1,5,0.1013
CTR0010,PRD0034,9764.35,2,0.0814
CTR0010,PRD0109,31827.18,1,0.0666
CTR0010,PRD0066,355.24,2,0.0883
CTR0010,PRD0020,16622.03,5,0.1045
CTR0010,PRD0091,823.4,1,0.0933
CTR0010,PRD0114,2680.94,2,0.0743
CTR0010,PRD0105,549.91,2,0.0899
CTR0010,PRD0088,1055.32,5,0.0937
CTR0010,PRD_CLX_992,9130.44,1,0.0784
CTR0010,PRD0048,6612.73,1,0.0734
CTR0010,PRD0046,435.18,5,0.0707
CTR0010,PRD0082,1955.01,1,0.0736
CTR0010,PRD0102,1130.16,5,0.0968
CTR0010,PRD0044,33989.47,1,0.0753
CTR0010,PRD0039,11075.8,5,0.0831
CTR0010,PRD0027,6888.93,5,0.0839
CTR0010,PRD0096,1513.94,1,0.0977
CTR0010,PRD0030,1741.39,5,0.0779
CTR0010,PRD0120,11901.27,1,0.1007
CTR0010,PRD0106,13998.37,5,0.0952
CTR0010,PRD0113,1795.79,5,0.1003
CTR0010,PRD_CLX_691,857.71,1,0.0879
CTR0010,PRD0056,33200.92,1,0.0832
CTR0011,PRD0040,13145.05,1,0.115
CTR0011,PRD0053,943.51,5,0.1233
CTR0011,PRD_CLX_300,2577.72,1,0.1202
CTR0011,PRD0041,18300.62,5,0.1363
CTR0011,PRD0109,30717.37,2,0.1203
CTR0011,PRD0012,457.39,5,0.1118
CTR0011,PRD0082,1886.84,1,0.1082
CTR0011,PRD0011,38575.97,1,0.1225
CTR0011,PRD0010,7742.76,1,0.13
CTR0011,PRD0094,21116.16,1,0.1263
CTR0011,PRD0031,10586.51,5,0.1087
CTR0011,PRD0115,7733.08,5,0.112
CTR0011,PRD0022,1108.66,1,0.1331
CTR0011,PRD0074,32599.21,1,0.1234
CTR0011,PRD0008,5650.58,1,0.1318
CTR0011,PRD0113,1733.17,1,0.1038
CTR0011,PRD0096,1461.15,5,0.1073
CTR0011,PRD0037,400.34,1,0.1207
CTR0011,PRD0071,1143.48,1,0.1137
CTR0011,PRD0064,24427.94,5,0.113
CTR0011,PRD0002,20613.13,1,0.124
CTR0011,PRD0055,453.09,2,0.106
CTR0011,PRD0087,2138.34,2,0.1162
CTR0011,PRD0066,342.86,5,0.1152
CTR0011,PRD0111,10994.59,1,0.1219
CTR0011,PRD0018,1116.99,5,0.1112
CTR0011,PRD0062,17028.56,5,0.1117
CTR0011,PRD0101,6814.37,1,0.1374
CTR0011,PRD0097,827.81,5,0.1173
CTR0011,PRD0088,1018.53,1,0.1322
CTR0011,PRD0098,1327.25,5,0.133
CTR0011,PRD0069,7066.91,1,0.1213
CTR0011,PRD0016,383.51,2,0.1088
CTR0011,PRD0052,10385.01,1,0.1162
CTR0011,PRD0100,2594.97,1,0.1371
CTR0012,PRD0118,12085.26,5,0.1596
CTR0012,PRD0106,13156.88,1,0.142
CTR0012,PRD0113,1687.84,2,0.148
CTR0012,PRD0068,9937.7,2,0.155
CTR0012,PRD0088,991.89,5,0.1448
CTR0012,PRD0078,10578.32,1,0.1504
CTR0012,PRD0006,9474.11,1,0.1484
CTR0012,PRD0115,7530.82,1,0.1472
CTR0012,PRD0058,3061.03,5,0.1345
CTR0012,PRD0022,1079.66,2,0.1423
CTR0012,PRD0087,2082.41,1,0.151
CTR0012,PRD0098,1292.53,5,0.1341
CTR0012,PRD0117,1313.6,2,0.1471
CTR0012,PRD0029,10738.21,2,0.1299
CTR0012,PRD0023,4351.45,1,0.1408
CTR0012,PRD0010,7540.25,1,0.134
CTR0012,PRD0047,5950.98,5,0.1518
CTR0012,PRD0018,1087.78,2,0.1404
CTR0012,PRD0066,333.89,1,0.1223
CTR0012,PRD0046,409.02,2,0.1277
CTR0012,PRD0007,4738.93,1,0.1402
CTR0012,PRD0055,441.24,5,0.1514
CTR0012,PRD0064,23789.02,2,0.1415
CTR0012,PRD0049,549.13,2,0.1441
CTR0012,PRD_CLX_679,10707.02,2,0.1335
CTR0012,PRD0048,6215.22,5,0.1375
CTR0012,PRD0015,37255.02,2,0.1524
CTR0012,PRD0044,31946.25,2,0.1267
CTR0012,PRD0110,6049.57,2,0.1572
CTR0012,PRD0032,701.55,2,0.1239
CTR0012,PRD0070,40440.0,2,0.1437
CTR0012,PRD0016,373.48,5,0.1602
CTR0012,PRD0038,50293.11,1,0.1461
CTR0012,PRD0039,10409.99,2,0.1308
CTR0012,PRD0062,16583.17,1,0.1232
CTR0012,PRD0116,14901.4,5,0.1313
CTR0012,PRD0034,9177.38,2,0.1479
CTR0012,PRD0028,7814.08,5,0.1302
CTR0012,PRD0001,37905.42,5,0.1301
CTR0012,PRD0081,1135.36,1,0.1359
CTR0012,PRD0073,30595.25,1,0.1366
CTR0012,PRD0051,32446.46,5,0.143
CTR0012,PRD0083,3899.73,2,0.1579
CTR0012,PRD0040,12801.24,5,0.1357
CTR0012,PRD0102,1062.23,5,0.1557
CTR0012,PRD0005,4942.28,1,0.1258
CTR0012,PRD0060,17985.74,1,0.1291
CTR0012,PRD0063,5995.29,2,0.1526
CTR0012,PRD0008,5502.79,1,0.1412
CTR0012,PRD0101,6636.14,2,0.1439
CTR0012,PRD0082,1837.48,1,0.1369
CTR0012,PRD_CLX_495,24903.03,2,0.1453
CTR0012,PRD0043,23756.73,1,0.1516
CTR0012,PRD0092,15458.4,1,0.1551
CTR0012,PRD0071,1113.57,1,0.1474
CTR0012,PRD0014,41804.31,5,0.1379
CTR0012,PRD0090,2292.67,1,0.1296
CTR0012,PRD0119,741.91,1,0.1546
CTR0012,PRD0057,10414.7,2,0.1305
CTR0012,PRD0104,5810.36,5,0.1381
CTR0012,PRD0012,445.43,1,0.1343
CTR0012,PRD0026,10497.21,2,0.1592
CTR0012,PRD0080,5557.22,5,0.1442
CTR0012,PRD0109,29913.94,1,0.154
CTR0012,PRD0100,2527.1,5,0.1406
CTR0012,PRD0120,11185.84,1,0.1226
CTR0012,PRD0091,773.91,5,0.1374
CTR0012,PRD0013,1477.85,1,0.1476
CTR0012,PRD0114,2519.78,2,0.146
CTR0012,PRD0084,36608.15,1,0.1469
CTR0012,PRD0033,9577.5,2,0.1224
CTR0012,PRD0105,516.85,1,0.1221
CTR0013,PRD0039,11252.32,1,0.0792
CTR0013,PRD0047,6432.5,5,0.0818
CTR0013,PRD0055,476.94,1,0.0834
CTR0013,PRD0115,8140.18,1,0.0772
CTR0013,PRD0024,27302.09,1,0.0635
CTR0013,PRD0069,7438.94,2,0.0626
CTR0013,PRD0104,6280.51,1,0.0567
CTR0013,PRD0035,7533.74,2,0.067
CTR0013,PRD0014,45186.91,5,0.0665
CTR0013,PRD0057,11257.41,1,0.078
CTR0013,PRD0085,9275.96,1,0.0881
CTR0013,PRD0108,22074.7,1,0.0674
CTR0013,PRD0111,11573.38,5,0.068
CTR0013,PRD0021,1409.98,1,0.0547
CTR0013,PRD0018,1175.8,5,0.0782
CTR0013,PRD0046,442.11,1,0.0779
CTR0013,PRD0096,1538.07,1,0.0692
CTR0013,PRD0056,33730.06,5,0.0875
CTR0013,PRD0001,40972.54,2,0.0517
CTR0013,PRD0105,558.67,2,0.0615
CTR0013,PRD0091,836.53,1,0.0596
CTR0013,PRD0026,11346.59,5,0.0727
CTR0013,PRD0015,40269.51,5,0.0742
CTR0013,PRD0025,702.35,2,0.078
CTR0013,PRD0037,421.42,2,0.0626
CTR0013,PRD0006,10240.71,5,0.0517
CTR0013,PRD0106,14221.47,2,0.0522
CTR0013,PRD0051,35071.87,1,0.0804
CTR0013,PRD0054,2961.51,1,0.0639
CTR0013,PRD0043,25679.0,2,0.0811
CTR0013,PRD0005,5342.19,1,0.0782
CTR0013,PRD0107,39238.99,1,0.0862
CTR0013,PRD0086,5006.18,2,0.0579
CTR0013,PRD0099,2713.42,1,0.0559
CTR0013,PRD0062,17925.0,1,0.0703
CTR0013,PRD0113,1824.41,5,0.0782
CTR0013,PRD0016,403.7,5,0.0666
CTR0013,PRD0092,16709.21,1,0.0649
CTR0013,PRD0063,6480.4,1,0.0756
CTR0013,PRD0071,1203.67,5,0.0512
CTR0013,PRD0064,25713.91,2,0.0592
CTR0013,PRD0017,6889.17,1,0.0864
CTR0013,PRD0042,5050.14,2,0.0724
CTR0013,PRD0052,10931.71,1,0.0651
CTR0013,PRD0065,1571.21,5,0.0787
CTR0013,PRD0050,305.34,1,0.0645
CTR0013,PRD0079,9983.94,5,0.0631
CTR0013,PRD0098,1397.12,5,0.08
CTR0013,PRD0112,22581.05,1,0.055
CTR0013,PRD0003,10702.51,5,0.079
CTR0013,PRD0074,34315.33,5,0.0591
CTR0013,PRD0020,16886.94,5,0.0528
CTR0013,PRD0045,6675.1,1,0.0901
CTR0014,PRD0056,31315.19,2,0.1221
CTR0014,PRD0062,16641.67,2,0.1239
CTR0014,PRD0038,50470.54,1,0.1563
CTR0014,PRD0037,391.25,5,0.1232
CTR0014,PRD0063,6016.44,1,0.1406
CTR0014,PRD0011,37699.53,1,0.1399
CTR0014,PRD0098,1297.09,1,0.1455
CTR0014,PRD0055,442.8,2,0.1388
CTR0014,PRD0032,704.02,1,0.132
CTR0014,PRD0080,5576.83,1,0.1427
CTR0014,PRD0020,15677.94,2,0.1231
CTR0014,PRD0094,20636.4,2,0.1222
CTR0014,PRD0066,335.07,5,0.144
CTR0014,PRD0024,25347.42,1,0.1357
CTR0014,PRD0112,20964.38,5,0.1233
CTR0014,PRD0036,2965.33,1,0.1388
CTR0014,PRD0099,2519.15,1,0.1225
CTR0014,PRD0015,37386.45,1,0.1502
CTR0014,PRD0034,9209.76,5,0.1548
CTR0014,PRD0090,2300.76,2,0.1527
CTR0014,PRD0106,13203.3,1,0.1257
CTR0014,PRD0086,4647.76,1,0.1313
CTR0014,PRD0113,1693.8,2,0.1291
CTR0014,PRD0026,10534.24,1,0.1412
CTR0014,PRD0061,7580.59,5,0.1389
CTR0014,PRD0091,776.64,5,0.1277
CTR0014,PRD0014,41951.79,1,0.1381
CTR0014,PRD0101,6659.55,1,0.1246
CTR0014,PRD0065,1458.72,2,0.1522
CTR0014,PRD0079,9269.15,5,0.1429
CTR0015,PRD0119,805.74,1,0.0656
CTR0015,PRD0019,2092.92,1,0.0735
CTR0015,PRD0055,479.2,5,0.0779
CTR0015,PRD0003,10753.21,1,0.0538
CTR0015,PRD0079,10031.24,5,0.0583
CTR0015,PRD0026,11400.34,1,0.0632
CTR0015,PRD0012,483.75,2,0.076
CTR0015,PRD0111,11628.21,2,0.0829
CTR0015,PRD0007,5146.65,1,0.0684
CTR0015,PRD0049,596.37,2,0.085
CTR0015,PRD0053,997.88,2,0.0601
CTR0015,PRD0068,10792.7,2,0.0624
CTR0015,PRD0040,13902.61,1,0.0805
CTR0015,PRD0090,2489.92,1,0.0509
CTR0015,PRD0082,1995.57,2,0.075
CTR0015,PRD0030,1777.53,1,0.0805
CTR0015,PRD0029,11662.09,2,0.0715
CTR0015,PRD0044,34694.78,5,0.0482
CTR0015,PRD0118,13125.03,5,0.052
CTR0015,PRD0062,18009.92,1,0.0521
CTR0015,PRD0008,5976.23,2,0.0825
CTR0015,PRD0066,362.61,1,0.0583
CTR0015,PRD0102,1153.62,2,0.064
CTR0015,PRD0083,4235.25,1,0.0544
CTR0015,PRD0112,22688.03,5,0.0757
CTR0015,PRD0039,11305.63,1,0.0539
CTR0015,PRD0015,40460.3,2,0.0639
CTR0015,PRD0035,7569.43,5,0.0658
CTR0015,PRD0047,6462.98,2,0.0577
CTR0015,PRD0036,3209.14,2,0.0619
CTR0015,PRD0045,6706.72,1,0.0537
CTR0015,PRD0054,2975.55,1,0.0713
CTR0015,PRD0032,761.9,2,0.048
CTR0015,PRD0041,19355.29,1,0.059
CTR0015,PRD0096,1545.36,1,0.0701
CTR0015,PRD0024,27431.44,2,0.0653
CTR0015,PRD0006,10289.22,2,0.053
CTR0015,PRD0001,41166.66,1,0.0557
CTR0015,PRD0086,5029.9,1,0.0848
CTR0015,PRD0042,5074.07,1,0.0702
CTR0015,PRD0028,8486.37,5,0.0703
CTR0015,PRD0037,423.41,2,0.0854
