equipment_id,customer_id,site_name,equipment_family,equipment_model,install_year,condition_status,avg_monthly_operating_hours,next_shutdown_date
EQ00001,CUST001,Chuquicamata,Flotation,FLO-2000,2011,Critical Wear,549,2027-03-23
EQ00002,CUST001,Chuquicamata,Flotation,FLO-1000,2018,High Wear,469,2027-06-22
EQ00003,CUST001,Chuquicamata,Crusher,CRU-3000,2025,Normal,604,2027-01-16
EQ00004,CUST001,Chuquicamata,Thickener,THI-3000,2024,Overhaul Due,541,2027-06-12
EQ00005,CUST001,Chuquicamata,Flotation,FLO-5000,2014,Overhaul Due,464,2026-09-07
EQ00006,CUST001,Chuquicamata,Mill,MIL-HD,2011,Normal,517,2026-10-21
EQ00007,CUST001,Chuquicamata,Thickener,THI-1000,2022,Normal,699,2027-05-27
EQ00008,CUST001,Chuquicamata,Flotation,FLO-2000,2017,Critical Wear,693,2026-10-01
EQ00009,CUST001,Chuquicamata,Crusher,CRU-5000,2012,Normal,701,2026-11-21
EQ00010,CUST001,Chuquicamata,Conveyor,CON-3000,2025,High Wear,649,2027-06-02
EQ00011,CUST001,Chuquicamata,Thickener,THI-1000,2011,Critical Wear,667,2027-02-14
EQ00012,CUST002,El Teniente,Screening,SCR-HD,2008,Normal,560,2026-09-19
EQ00013,CUST002,El Teniente,Flotation,FLO-1000,2009,Overhaul Due,517,2027-02-03
EQ00014,CUST002,El Teniente,Pump,PUM-1000,2025,Overhaul Due,504,2027-02-24
EQ00015,CUST002,El Teniente,Conveyor,CON-HD,2024,Critical Wear,619,2027-02-05
EQ00016,CUST002,El Teniente,Screening,SCR-2000,2016,Normal,421,2026-10-04
EQ00017,CUST002,El Teniente,Screening,SCR-1000,2014,Overhaul Due,682,2027-03-05
EQ00018,CUST002,El Teniente,Screening,SCR-3000,2024,High Wear,532,2026-12-13
EQ00019,CUST002,El Teniente,Thickener,THI-1000,2016,Overhaul Due,507,2026-11-06
EQ00020,CUST002,El Teniente,Crusher,CRU-3000,2025,Normal,440,2027-06-07
EQ00021,CUST002,El Teniente,Mill,MIL-3000,2016,Normal,446,2027-06-08
EQ00022,CUST002,El Teniente,Mill,MIL-1000,2014,Overhaul Due,420,2027-06-12
EQ00023,CUST002,El Teniente,Flotation,FLO-1000,2019,High Wear,701,2026-11-27
EQ00024,CUST003,Escondida,Pump,PUM-1000,2017,High Wear,425,2027-01-13
EQ00025,CUST003,Escondida,Mill,MIL-3000,2016,Normal,428,2027-04-16
EQ00026,CUST003,Escondida,Thickener,THI-3000,2011,Critical Wear,702,2026-10-28
EQ00027,CUST003,Escondida,Conveyor,CON-3000,2022,Normal,557,2026-10-27
EQ00028,CUST003,Escondida,Screening,SCR-5000,2020,Normal,538,2027-02-22
EQ00029,CUST003,Escondida,Flotation,FLO-1000,2012,Critical Wear,673,2026-10-15
EQ00030,CUST004,Spence,Mill,MIL-HD,2013,Normal,671,2026-10-15
EQ00031,CUST004,Spence,Thickener,THI-3000,2017,Normal,503,2026-10-13
EQ00032,CUST004,Spence,Conveyor,CON-2000,2020,Overhaul Due,455,2026-09-26
EQ00033,CUST004,Spence,Crusher,CRU-5000,2021,Normal,626,2026-09-04
EQ00034,CUST004,Spence,Thickener,THI-1000,2024,Normal,471,2027-01-24
EQ00035,CUST004,Spence,Pump,PUM-1000,2008,Normal,442,2026-09-20
EQ00036,CUST004,Spence,Mill,MIL-2000,2010,High Wear,426,2026-07-19
EQ00037,CUST004,Spence,Conveyor,CON-3000,2011,Overhaul Due,463,2026-10-26
EQ00038,CUST004,Spence,Mill,MIL-5000,2023,Overhaul Due,503,2026-12-19
EQ00039,CUST004,Spence,Flotation,FLO-2000,2023,Normal,448,2027-04-19
EQ00040,CUST004,Spence,Thickener,THI-1000,2016,Overhaul Due,430,2026-08-06
EQ00041,CUST005,Los Pelambres,Screening,SCR-HD,2017,Normal,632,2026-09-25
EQ00042,CUST005,Los Pelambres,Crusher,CRU-2000,2015,Normal,638,2027-01-28
EQ00043,CUST005,Los Pelambres,Mill,MIL-2000,2019,High Wear,616,2026-09-10
EQ00044,CUST005,Los Pelambres,Pump,PUM-2000,2013,Normal,472,2026-12-06
EQ00045,CUST005,Los Pelambres,Flotation,FLO-3000,2010,Overhaul Due,480,2027-01-15
EQ00046,CUST006,Centinela,Crusher,CRU-5000,2012,Normal,691,2027-01-02
EQ00047,CUST006,Centinela,Screening,SCR-2000,2013,Critical Wear,574,2027-05-30
EQ00048,CUST006,Centinela,Conveyor,CON-1000,2017,High Wear,558,2027-03-27
EQ00049,CUST006,Centinela,Thickener,THI-1000,2019,High Wear,421,2026-09-29
EQ00050,CUST006,Centinela,Conveyor,CON-2000,2012,High Wear,619,2027-02-28
EQ00051,CUST007,Quebrada Blanca,Conveyor,CON-HD,2010,Normal,638,2026-12-04
EQ00052,CUST007,Quebrada Blanca,Mill,MIL-2000,2010,High Wear,513,2027-01-28
EQ00053,CUST007,Quebrada Blanca,Flotation,FLO-5000,2018,Critical Wear,666,2027-02-11
EQ00054,CUST007,Quebrada Blanca,Screening,SCR-2000,2018,Normal,616,2027-02-14
EQ00055,CUST007,Quebrada Blanca,Screening,SCR-HD,2023,Overhaul Due,672,2027-04-13
EQ00056,CUST007,Quebrada Blanca,Screening,SCR-1000,2015,Critical Wear,717,2027-02-15
EQ00057,CUST007,Quebrada Blanca,Screening,SCR-2000,2015,Normal,605,2026-07-16
EQ00058,CUST007,Quebrada Blanca,Mill,MIL-HD,2008,High Wear,662,2026-09-21
EQ00059,CUST007,Quebrada Blanca,Crusher,CRU-3000,2009,High Wear,491,2026-12-12
EQ00060,CUST007,Quebrada Blanca,Pump,PUM-5000,2012,Overhaul Due,544,2026-10-30
EQ00061,CUST007,Quebrada Blanca,Conveyor,CON-2000,2015,Normal,480,2026-09-26
EQ00062,CUST008,Candelaria,Thickener,THI-3000,2008,Critical Wear,447,2026-09-07
EQ00063,CUST008,Candelaria,Thickener,THI-HD,2010,Critical Wear,500,2026-07-30
EQ00064,CUST008,Candelaria,Mill,MIL-1000,2019,Normal,545,2026-08-23
EQ00065,CUST008,Candelaria,Crusher,CRU-2000,2021,Normal,660,2026-09-24
EQ00066,CUST008,Candelaria,Thickener,THI-5000,2024,High Wear,630,2027-01-03
EQ00067,CUST008,Candelaria,Pump,PUM-1000,2008,High Wear,499,2026-08-14
EQ00068,CUST008,Candelaria,Thickener,THI-2000,2009,Overhaul Due,677,2026-10-05
EQ00069,CUST008,Candelaria,Crusher,CRU-5000,2020,Critical Wear,703,2026-11-24
EQ00070,CUST008,Candelaria,Screening,SCR-2000,2024,High Wear,636,2026-10-03
EQ00071,CUST008,Candelaria,Flotation,FLO-5000,2010,Overhaul Due,484,2026-10-31
EQ00072,CUST009,Caserones,Screening,SCR-5000,2009,Normal,514,2027-04-27
EQ00073,CUST009,Caserones,Screening,SCR-5000,2010,Critical Wear,580,2027-06-14
EQ00074,CUST009,Caserones,Thickener,THI-2000,2020,Critical Wear,447,2027-01-21
EQ00075,CUST009,Caserones,Thickener,THI-3000,2021,Normal,475,2026-09-06
EQ00076,CUST009,Caserones,Crusher,CRU-3000,2019,Overhaul Due,434,2026-11-14
EQ00077,CUST009,Caserones,Flotation,FLO-1000,2013,Overhaul Due,453,2026-10-31
EQ00078,CUST009,Caserones,Screening,SCR-2000,2008,High Wear,702,2026-10-26
EQ00079,CUST009,Caserones,Thickener,THI-3000,2009,Normal,463,2027-05-02
EQ00080,CUST009,Caserones,Screening,SCR-5000,2009,Overhaul Due,443,2026-08-08
EQ00081,CUST009,Caserones,Flotation,FLO-1000,2010,High Wear,602,2026-12-06
EQ00082,CUST010,El Abra,Screening,SCR-5000,2014,High Wear,602,2026-09-19
EQ00083,CUST010,El Abra,Thickener,THI-5000,2011,High Wear,677,2026-09-04
EQ00084,CUST010,El Abra,Screening,SCR-HD,2012,Normal,615,2027-03-16
EQ00085,CUST010,El Abra,Screening,SCR-2000,2009,High Wear,497,2027-06-29
EQ00086,CUST010,El Abra,Pump,PUM-2000,2010,Normal,530,2027-06-28
EQ00087,CUST010,El Abra,Thickener,THI-HD,2012,Normal,684,2027-05-22
EQ00088,CUST010,El Abra,Thickener,THI-5000,2024,High Wear,487,2027-01-04
EQ00089,CUST010,El Abra,Flotation,FLO-5000,2019,Overhaul Due,440,2027-06-29
EQ00090,CUST010,El Abra,Pump,PUM-HD,2015,Normal,458,2026-10-01
EQ00091,CUST010,El Abra,Screening,SCR-1000,2023,Normal,493,2026-12-20
EQ00092,CUST011,Los Bronces,Conveyor,CON-1000,2010,Critical Wear,652,2026-12-22
EQ00093,CUST011,Los Bronces,Mill,MIL-1000,2017,Normal,563,2027-05-06
EQ00094,CUST011,Los Bronces,Flotation,FLO-1000,2019,Normal,511,2027-03-07
EQ00095,CUST011,Los Bronces,Flotation,FLO-5000,2023,High Wear,491,2026-09-16
EQ00096,CUST011,Los Bronces,Screening,SCR-3000,2023,Normal,566,2027-02-05
EQ00097,CUST011,Los Bronces,Pump,PUM-3000,2012,Critical Wear,682,2027-05-30
EQ00098,CUST011,Los Bronces,Flotation,FLO-5000,2019,Normal,679,2027-03-02
EQ00099,CUST011,Los Bronces,Flotation,FLO-1000,2009,Overhaul Due,545,2027-04-28
EQ00100,CUST011,Los Bronces,Crusher,CRU-3000,2012,Normal,612,2026-10-04
EQ00101,CUST011,Los Bronces,Screening,SCR-2000,2020,Normal,618,2027-03-08
EQ00102,CUST011,Los Bronces,Thickener,THI-5000,2010,High Wear,659,2027-06-08
EQ00103,CUST011,Los Bronces,Screening,SCR-1000,2022,Normal,512,2026-09-08
EQ00104,CUST012,Sierra Gorda,Conveyor,CON-5000,2021,Normal,588,2026-08-17
EQ00105,CUST012,Sierra Gorda,Flotation,FLO-5000,2018,Overhaul Due,528,2027-03-15
EQ00106,CUST012,Sierra Gorda,Crusher,CRU-1000,2016,Critical Wear,699,2026-10-02
EQ00107,CUST012,Sierra Gorda,Pump,PUM-3000,2012,Normal,710,2026-07-31
EQ00108,CUST012,Sierra Gorda,Screening,SCR-3000,2020,Normal,640,2027-03-14
EQ00109,CUST012,Sierra Gorda,Mill,MIL-1000,2009,Normal,636,2026-11-30
EQ00110,CUST012,Sierra Gorda,Flotation,FLO-2000,2013,Normal,455,2026-12-02
EQ00111,CUST012,Sierra Gorda,Pump,PUM-5000,2010,High Wear,634,2027-04-09
EQ00112,CUST012,Sierra Gorda,Mill,MIL-1000,2016,Normal,467,2027-02-19
EQ00113,CUST012,Sierra Gorda,Flotation,FLO-2000,2017,Normal,598,2027-02-14
EQ00114,CUST013,La Coipa,Pump,PUM-5000,2025,Normal,601,2027-05-03
EQ00115,CUST013,La Coipa,Pump,PUM-HD,2008,Overhaul Due,521,2026-08-23
EQ00116,CUST013,La Coipa,Thickener,THI-3000,2012,High Wear,427,2026-09-30
EQ00117,CUST013,La Coipa,Pump,PUM-3000,2012,Critical Wear,478,2027-06-25
EQ00118,CUST013,La Coipa,Pump,PUM-1000,2016,Overhaul Due,650,2026-09-17
EQ00119,CUST014,Salar de Atacama,Thickener,THI-2000,2011,Normal,516,2027-02-15
EQ00120,CUST014,Salar de Atacama,Thickener,THI-HD,2025,Normal,613,2026-11-02
EQ00121,CUST014,Salar de Atacama,Flotation,FLO-HD,2014,Normal,427,2027-01-20
EQ00122,CUST014,Salar de Atacama,Conveyor,CON-3000,2019,Normal,577,2027-03-29
EQ00123,CUST014,Salar de Atacama,Conveyor,CON-5000,2011,Critical Wear,631,2027-02-10
EQ00124,CUST015,Los Colorados,Flotation,FLO-HD,2025,Critical Wear,591,2026-09-11
EQ00125,CUST015,Los Colorados,Mill,MIL-3000,2022,Critical Wear,510,2027-04-24
EQ00126,CUST015,Los Colorados,Screening,SCR-5000,2013,Overhaul Due,615,2026-12-07
EQ00127,CUST015,Los Colorados,Conveyor,CON-HD,2021,High Wear,470,2026-08-28
