rate_month,usd_clp,eur_usd,cpi_monthly_pct,freight_index
2024-01-01,909.33,1.0562,0.0058,104.33
2024-02-01,906.95,1.056,0.0068,110.54
2024-03-01,887.43,1.0527,0.0052,92.65
2024-04-01,878.38,1.0479,0.002,101.09
2024-05-01,874.33,1.0296,0.0042,94.49
2024-06-01,902.55,1.0545,0.0037,108.41
2024-07-01,916.26,1.0689,0.0001,99.49
2024-08-01,903.58,1.056,0.0079,97.29
2024-09-01,924.7,1.0737,0.0037,96.83
2024-10-01,949.21,1.0685,0.0001,95.07
2024-11-01,944.8,1.0875,0.0074,104.0
2024-12-01,938.23,1.1151,0.0089,96.84
2025-01-01,966.77,1.0967,0.0058,113.57
2025-02-01,985.85,1.1013,0.0012,109.73
2025-03-01,1014.6,1.0817,0.0081,107.35
2025-04-01,1013.66,1.0577,0.0072,107.09
2025-05-01,1023.39,1.0748,0.0076,109.55
2025-06-01,1012.7,1.078,0.0085,101.08
2025-07-01,992.83,1.0742,0.0057,108.87
2025-08-01,969.36,1.0867,0.0083,98.58
2025-09-01,965.39,1.1012,0.0012,106.07
2025-10-01,975.12,1.0927,0.0022,114.96
2025-11-01,966.45,1.0948,0.0022,112.6
2025-12-01,984.69,1.111,0.0059,102.5
2026-01-01,1011.11,1.1187,0.0057,113.59
2026-02-01,991.8,1.1162,0.0054,104.14
2026-03-01,982.33,1.1399,0.0008,111.88
2026-04-01,977.21,1.1602,0.0035,111.82
2026-05-01,953.42,1.1346,0.0086,103.53
2026-06-01,966.22,1.1271,0.0028,120.17
