purchase_order_id,po_line_id,order_date,supplier_id,product_id,warehouse_id,ordered_qty,received_qty,unit_cost_usd,expected_receipt_date,actual_receipt_date,po_status,lead_time_days,expedite_flag
PO000001,POL0000001,2024-10-28,SUP001,PRD0103,CDC_SCL,2,2,6312.9,2024-11-16,2024-12-09,Closed,19,0
PO000002,POL0000002,2024-05-28,SUP003,PRD0039,CDC_SCL,10,5,7936.05,2024-06-13,,Open,16,0
PO000003,POL0000003,2025-12-26,SUP002,PRD0021,CDC_COP,1,1,1234.18,2026-04-08,2026-04-26,Closed,103,0
PO000004,POL0000004,2024-08-14,SUP006,PRD0058,CDC_SCL,8,8,2615.45,2024-09-15,2024-10-02,Closed,32,0
PO000005,POL0000005,2025-05-24,SUP002,PRD0027,CDC_ANT,2,2,5415.71,2025-09-02,2025-09-08,Closed,101,0
PO000006,POL0000006,2025-09-14,SUP004,PRD0088,CDC_SCL,3,3,826.63,2026-01-28,2026-02-22,Closed,136,0
PO000007,POL0000007,2024-03-14,SUP009,PRD0036,CDC_CAL,30,30,2681.81,2024-03-24,2024-03-28,Closed,10,0
PO000008,POL0000008,2025-05-16,SUP010,PRD0048,CDC_COP,10,10,4433.99,2025-07-30,2025-08-09,Closed,75,0
PO000009,POL0000009,2024-08-17,SUP001,PRD0071,CDC_CAL,20,20,906.05,2024-10-01,2024-10-23,Closed,45,0
PO000010,POL0000010,2026-05-19,SUP002,PRD0064,CDC_SCL,2,0,22117.16,2026-08-18,,Delayed,91,0
PO000011,POL0000011,2026-04-07,SUP006,PRD0082,CDC_COP,2,2,1152.56,2026-06-03,2026-05-28,Closed,57,0
PO000012,POL0000012,2025-03-14,SUP002,PRD0015,CDC_CAL,2,2,27899.87,2025-06-04,2025-06-15,Closed,82,0
PO000013,POL0000013,2024-08-09,SUP001,PRD0085,CDC_SCL,5,5,5282.15,2024-09-20,2024-09-23,Closed,42,0
PO000014,POL0000014,2024-01-21,SUP005,PRD0094,CDC_ANT,10,10,16874.69,2024-04-13,2024-04-23,Closed,83,0
PO000015,POL0000015,2024-10-30,SUP009,PRD0081,CDC_ANT,10,1,937.88,2024-12-26,,Open,57,0
PO000016,POL0000016,2026-01-24,SUP003,PRD0084,CDC_SCL,2,2,24364.52,2026-02-21,2026-03-07,Closed,28,0
PO000017,POL0000017,2025-02-05,SUP006,PRD0050,CDC_SCL,5,5,189.01,2025-05-07,2025-05-07,Closed,91,0
PO000018,POL0000018,2025-11-30,SUP005,PRD0112,CDC_COP,15,15,18035.15,2026-02-10,2026-02-04,Closed,72,0
PO000019,POL0000019,2024-01-01,SUP003,PRD0022,CDC_COP,8,8,705.21,2024-01-23,2024-02-04,Closed,22,0
PO000020,POL0000020,2025-06-21,SUP009,PRD0088,CDC_CAL,30,30,807.11,2025-07-26,2025-08-06,Closed,35,0
PO000021,POL0000021,2025-01-13,SUP008,PRD0047,CDC_SCL,30,30,5242.42,2025-02-25,2025-03-16,Closed,43,0
PO000022,POL0000022,2024-01-27,SUP001,PRD0006,CDC_SCL,20,20,8088.36,2024-02-10,2024-02-20,Closed,14,0
PO000023,POL0000023,2026-05-27,SUP009,PRD0016,CDC_ANT,10,10,312.21,2026-07-27,2026-08-01,Closed,61,0
PO000024,POL0000024,2024-06-26,SUP003,PRD0045,CDC_CAL,3,3,5275.5,2024-07-17,2024-07-11,Closed,21,0
PO000025,POL0000025,2024-10-09,SUP002,PRD0108,CDC_SCL,5,5,17104.97,2024-12-27,2024-12-23,Closed,79,0
PO000026,POL0000026,2024-07-08,SUP001,PRD0056,CDC_SCL,2,1,30291.52,2024-08-03,,Open,26,0
PO000027,POL0000027,2025-06-21,SUP001,PRD0079,CDC_SCL,20,20,5476.05,2025-07-01,2025-07-12,Closed,10,0
PO000028,POL0000028,2024-09-28,SUP006,PRD0111,CDC_COP,30,16,9008.72,2024-11-08,,Open,41,0
PO000029,POL0000029,2026-06-30,SUP002,PRD0063,CDC_CAL,10,10,5061.45,2026-10-10,2026-10-31,Closed,102,0
PO000030,POL0000030,2025-09-11,SUP004,PRD0037,CDC_SCL,8,8,306.14,2026-01-11,2026-01-14,Closed,122,0
PO000031,POL0000031,2026-04-09,SUP008,PRD0055,CDC_CAL,8,8,400.04,2026-05-28,2026-06-22,Closed,49,0
PO000032,POL0000032,2025-09-27,SUP006,PRD0078,CDC_CAL,15,15,9066.38,2025-11-17,2025-11-10,Closed,51,0
PO000033,POL0000033,2025-05-30,SUP003,PRD0009,CDC_SCL,15,15,1120.17,2025-07-07,2025-07-26,Closed,38,0
PO000034,POL0000034,2024-03-02,SUP003,PRD0052,CDC_CAL,15,1,8855.85,2024-05-08,,Open,67,0
PO000035,POL0000035,2025-03-21,SUP005,PRD0110,CDC_CAL,5,4,4961.45,2025-05-16,,Open,56,0
PO000036,POL0000036,2024-06-26,SUP004,PRD0014,CDC_ANT,5,5,36299.25,2024-10-18,2024-10-10,Closed,114,1
PO000037,POL0000037,2026-04-12,SUP002,PRD0103,CDC_SCL,3,3,6278.76,2026-06-20,2026-07-01,Closed,69,0
PO000038,POL0000038,2025-01-27,SUP009,PRD0067,CDC_SCL,5,5,435.93,2025-02-08,2025-02-11,Closed,12,0
PO000039,POL0000039,2024-02-12,SUP003,PRD0066,CDC_COP,5,5,288.03,2024-04-09,2024-04-28,Closed,57,0
PO000040,POL0000040,2026-05-31,SUP001,PRD0021,CDC_COP,5,7,1093.57,2026-07-02,,Partially Received,32,0
PO000041,POL0000041,2026-01-04,SUP010,PRD0062,CDC_SCL,50,50,11152.49,2026-04-30,2026-05-23,Closed,116,1
PO000042,POL0000042,2025-10-28,SUP010,PRD0083,CDC_COP,5,5,2261.56,2026-02-03,2026-02-11,Closed,98,0
PO000043,POL0000043,2025-04-13,SUP001,PRD0020,CDC_ANT,10,10,9262.04,2025-05-19,2025-06-13,Closed,36,0
PO000044,POL0000044,2025-01-27,SUP005,PRD0051,CDC_CAL,5,3,21009.7,2025-04-21,,Partially Received,84,0
PO000045,POL0000045,2024-08-14,SUP010,PRD0004,CDC_ANT,2,2,3884.88,2024-11-23,2024-12-03,Closed,101,0
PO000046,POL0000046,2024-12-06,SUP007,PRD0100,CDC_COP,10,10,1545.51,2025-04-07,2025-04-26,Closed,122,0
PO000047,POL0000047,2025-03-03,SUP010,PRD0009,CDC_COP,8,8,1083.99,2025-05-27,2025-06-10,Closed,85,0
PO000048,POL0000048,2024-03-08,SUP010,PRD0030,CDC_COP,2,1,1148.8,2024-06-06,,Partially Received,90,0
PO000049,POL0000049,2026-01-24,SUP010,PRD0073,CDC_ANT,3,2,27848.09,2026-05-25,,Open,121,1
PO000050,POL0000050,2024-08-25,SUP009,PRD0012,CDC_SCL,15,15,380.17,2024-09-12,2024-09-14,Closed,18,0
PO000051,POL0000051,2025-08-30,SUP008,PRD0011,CDC_ANT,8,8,22839.69,2025-09-24,2025-09-16,Closed,25,0
PO000052,POL0000052,2024-01-04,SUP004,PRD0068,CDC_ANT,3,3,7427.3,2024-03-20,2024-04-01,Closed,76,0
PO000053,POL0000053,2026-03-18,SUP003,PRD0068,CDC_ANT,5,2,7512.44,2026-04-11,,Partially Received,24,0
PO000054,POL0000054,2024-04-27,SUP006,PRD0042,CDC_COP,3,3,3125.04,2024-06-23,2024-07-18,Closed,57,1
PO000055,POL0000055,2024-04-21,SUP010,PRD0103,CDC_COP,2,2,6309.26,2024-06-16,2024-07-05,Closed,56,0
PO000056,POL0000056,2025-02-17,SUP004,PRD0008,CDC_CAL,1,1,4043.83,2025-07-08,2025-07-07,Closed,141,0
PO000057,POL0000057,2024-04-30,SUP005,PRD0094,CDC_CAL,2,1,17402.85,2024-07-10,,Delayed,71,0
PO000058,POL0000058,2025-03-31,SUP002,PRD0045,CDC_CAL,15,15,5393.78,2025-07-19,2025-07-27,Closed,110,0
PO000059,POL0000059,2026-05-26,SUP008,PRD0070,CDC_ANT,50,50,31464.73,2026-08-04,2026-07-30,Closed,70,1
PO000060,POL0000060,2025-08-29,SUP005,PRD0035,CDC_COP,1,0,5230.03,2025-11-15,,Partially Received,78,0
PO000061,POL0000061,2024-07-03,SUP010,PRD0007,CDC_ANT,5,5,3433.14,2024-11-17,2024-11-22,Closed,137,0
PO000062,POL0000062,2026-01-24,SUP009,PRD0065,CDC_CAL,5,5,1058.92,2026-02-17,2026-03-04,Closed,24,0
PO000063,POL0000063,2024-07-18,SUP003,PRD0047,CDC_CAL,8,8,5267.43,2024-08-16,2024-09-06,Closed,29,0
PO000064,POL0000064,2024-08-31,SUP005,PRD0066,CDC_ANT,15,15,278.71,2024-11-28,2024-12-23,Closed,89,0
PO000065,POL0000065,2025-05-22,SUP009,PRD0053,CDC_CAL,3,3,742.05,2025-06-03,2025-06-03,Closed,12,0
PO000066,POL0000066,2024-08-13,SUP008,PRD0115,CDC_CAL,8,8,5664.18,2024-10-09,2024-10-26,Closed,57,0
PO000067,POL0000067,2025-04-05,SUP005,PRD0018,CDC_COP,2,2,1013.22,2025-06-19,2025-07-11,Closed,75,0
PO000068,POL0000068,2025-02-23,SUP006,PRD0096,CDC_ANT,15,15,1296.92,2025-04-29,2025-04-21,Closed,65,0
PO000069,POL0000069,2025-05-17,SUP010,PRD0078,CDC_CAL,10,10,9015.68,2025-07-23,2025-07-15,Closed,67,1
PO000070,POL0000070,2024-01-23,SUP002,PRD0036,CDC_CAL,2,2,2749.06,2024-04-22,2024-05-02,Closed,90,0
PO000071,POL0000071,2024-09-07,SUP010,PRD0073,CDC_SCL,15,15,28779.6,2025-01-03,2025-01-04,Closed,118,0
PO000072,POL0000072,2025-03-07,SUP005,PRD0015,CDC_COP,10,10,25046.82,2025-06-04,2025-06-20,Closed,89,0
PO000073,POL0000073,2025-08-26,SUP008,PRD0015,CDC_SCL,1,0,24654.94,2025-10-16,,Open,51,0
PO000074,POL0000074,2025-08-18,SUP006,PRD0017,CDC_CAL,20,20,3906.16,2025-10-19,2025-11-10,Closed,62,0
PO000075,POL0000075,2025-04-29,SUP007,PRD0046,CDC_CAL,50,50,401.85,2025-08-21,2025-08-21,Closed,114,0
PO000076,POL0000076,2024-10-25,SUP001,PRD0107,CDC_ANT,3,3,29976.48,2024-11-17,2024-12-03,Closed,23,0
PO000077,POL0000077,2025-10-15,SUP005,PRD0089,CDC_ANT,20,16,6816.19,2026-01-01,,Partially Received,78,0
PO000078,POL0000078,2025-10-21,SUP009,PRD0013,CDC_CAL,2,2,869.97,2025-12-11,2025-12-23,Closed,51,0
PO000079,POL0000079,2025-10-02,SUP005,PRD0058,CDC_CAL,5,4,2838.9,2025-11-15,,Open,44,0
PO000080,POL0000080,2024-01-20,SUP003,PRD0112,CDC_CAL,5,5,17378.59,2024-03-29,2024-04-10,Closed,69,1
PO000081,POL0000081,2024-09-19,SUP006,PRD0089,CDC_ANT,3,2,6457.8,2024-11-30,,Partially Received,-5,0
PO000082,POL0000082,2024-08-22,SUP001,PRD0047,CDC_CAL,3,3,5036.91,2024-09-05,2024-09-28,Closed,14,0
PO000083,POL0000083,2025-03-19,SUP002,PRD0120,CDC_CAL,1,1,9260.69,2025-06-22,2025-07-14,Closed,95,0
PO000084,POL0000084,2024-12-06,SUP004,PRD0018,CDC_SCL,50,50,939.39,2025-04-08,2025-04-06,Closed,123,0
PO000085,POL0000085,2026-02-06,SUP001,PRD0103,CDC_ANT,50,50,5610.18,2026-02-16,2026-02-11,Closed,10,0
PO000086,POL0000086,2025-03-18,SUP010,PRD0107,CDC_COP,3,3,28803.68,2025-06-20,2025-06-13,Closed,94,0
PO000087,POL0000087,2024-07-04,SUP005,PRD0011,CDC_CAL,8,8,22677.23,2024-09-24,2024-09-25,Closed,82,0
PO000088,POL0000088,2024-01-02,SUP010,PRD0059,CDC_ANT,1,0,22774.35,2024-03-26,,Partially Received,84,0
PO000089,POL0000089,2025-09-28,SUP007,PRD0038,CDC_SCL,50,50,34826.8,2026-01-01,2025-12-24,Closed,-5,0
PO000090,POL0000090,2025-02-08,SUP006,PRD0034,CDC_ANT,3,1,6126.13,2025-04-01,,Delayed,52,1
PO000091,POL0000091,2024-09-28,SUP006,PRD0012,CDC_CAL,30,30,377.63,2024-12-07,2024-11-29,Closed,70,0
PO000092,POL0000092,2024-04-11,SUP004,PRD0010,CDC_SCL,10,10,5999.97,2024-09-02,2024-09-07,Closed,144,0
PO000093,POL0000093,2024-04-01,SUP006,PRD0041,CDC_SCL,8,8,16040.89,2024-06-04,2024-06-19,Closed,64,0
PO000094,POL0000094,2024-03-17,SUP003,PRD0091,CDC_SCL,30,16,531.24,2024-04-28,,Delayed,42,0
PO000095,POL0000095,2025-08-29,SUP010,PRD0116,CDC_ANT,50,50,14408.97,2025-12-08,2025-11-30,Closed,101,0
PO000096,POL0000096,2024-12-25,SUP005,PRD0021,CDC_SCL,3,3,1105.76,2025-02-05,2025-02-06,Closed,42,0
PO000097,POL0000097,2025-09-13,SUP006,PRD0119,CDC_CAL,20,20,477.69,2025-11-08,2025-11-27,Closed,56,0
PO000098,POL0000098,2025-01-07,SUP004,PRD0108,CDC_CAL,15,15,15359.63,2025-05-17,2025-05-22,Closed,130,0
PO000099,POL0000099,2025-04-16,SUP003,PRD0084,CDC_SCL,30,30,23212.68,2025-05-28,2025-05-25,Closed,42,0
PO000100,POL0000100,2025-11-01,SUP004,PRD0017,CDC_COP,15,15,4503.35,2026-03-17,2026-04-08,Closed,136,0
PO000101,POL0000101,2025-05-06,SUP005,PRD0078,CDC_COP,5,5,8730.2,2025-08-02,2025-08-15,Closed,88,0
PO000102,POL0000102,2025-10-29,SUP010,PRD0002,CDC_SCL,50,50,14097.75,2026-02-01,2026-02-09,Closed,95,0
PO000103,POL0000103,2025-10-19,SUP010,PRD0037,CDC_SCL,3,3,285.44,2026-02-22,2026-03-11,Closed,126,0
PO000104,POL0000104,2024-03-05,SUP002,PRD0107,CDC_ANT,5,5,27737.82,2024-07-08,2024-07-11,Closed,125,0
PO000105,POL0000105,2024-07-12,SUP001,PRD0106,CDC_ANT,1,1,9332.07,2024-08-03,2024-07-27,Closed,22,0
PO000106,POL0000106,2025-02-02,SUP003,PRD0118,CDC_CAL,5,5,8248.45,2025-02-28,2025-03-25,Closed,26,0
PO000107,POL0000107,2026-04-06,SUP006,PRD0041,CDC_CAL,2,2,15673.95,2026-05-26,2026-05-30,Closed,50,0
PO000108,POL0000108,2025-03-16,SUP008,PRD0012,CDC_CAL,15,11,342.89,2025-04-17,,Delayed,32,0
PO000109,POL0000109,2025-08-20,SUP007,PRD0022,CDC_COP,5,5,656.22,2025-11-24,2025-12-09,Closed,96,0
PO000110,POL0000110,2024-08-23,SUP010,PRD0097,CDC_CAL,50,50,669.52,2024-12-24,2024-12-31,Closed,123,0
PO000111,POL0000111,2025-02-02,SUP009,PRD0005,CDC_ANT,5,3,4410.61,2025-03-25,,Partially Received,51,0
PO000112,POL0000112,2024-10-23,SUP002,PRD0050,CDC_CAL,3,3,163.61,2025-01-07,2025-01-14,Closed,76,1
PO000113,POL0000113,2026-05-23,SUP007,PRD0101,CDC_ANT,30,10,4736.89,2026-08-17,,Open,86,0
PO000114,POL0000114,2025-01-01,SUP006,PRD0086,CDC_ANT,1,1,4059.21,2025-03-01,2025-03-05,Closed,59,1
PO000115,POL0000115,2024-08-12,SUP008,PRD0019,CDC_COP,8,8,1587.32,2024-09-25,2024-10-07,Closed,44,1
PO000116,POL0000116,2026-02-03,SUP007,PRD0089,CDC_SCL,8,5,6120.4,2026-04-11,,Open,67,0
PO000117,POL0000117,2024-10-02,SUP004,PRD0110,CDC_CAL,50,50,5169.11,2025-02-01,2025-01-31,Closed,122,0
PO000118,POL0000118,2025-05-23,SUP009,PRD0102,CDC_ANT,5,5,1017.9,2025-07-12,2025-07-31,Closed,50,0
PO000119,POL0000119,2024-02-12,SUP002,PRD0082,CDC_CAL,20,20,1331.52,2024-05-06,2024-05-21,Closed,84,0
PO000120,POL0000120,2026-06-10,SUP007,PRD0062,CDC_COP,3,3,11174.85,2026-10-04,2026-10-15,Closed,116,0
PO000121,POL0000121,2025-11-28,SUP009,PRD0056,CDC_COP,10,10,26980.5,2025-12-19,2026-01-06,Closed,21,0
PO000122,POL0000122,2024-03-02,SUP001,PRD0076,CDC_COP,8,4,15717.07,2024-04-01,,Partially Received,30,0
PO000123,POL0000123,2025-04-25,SUP004,PRD0058,CDC_SCL,5,1,2859.04,2025-08-08,,Open,105,0
PO000124,POL0000124,2025-04-16,SUP008,PRD0081,CDC_COP,30,30,947.94,2025-06-04,2025-06-12,Closed,49,0
PO000125,POL0000125,2024-08-19,SUP002,PRD0076,CDC_CAL,15,15,16029.55,missing,2024-11-01,Closed,75,0
PO000126,POL0000126,2024-10-09,SUP001,PRD0082,CDC_CAL,15,15,1279.88,2024-11-10,2024-11-20,Closed,32,0
PO000127,POL0000127,2024-04-30,SUP009,PRD0034,CDC_COP,15,15,5407.17,2024-06-18,2024-07-06,Closed,49,0
PO000128,POL0000128,2024-05-17,SUP009,PRD0051,CDC_CAL,15,15,23603.07,2024-06-18,2024-07-02,Closed,32,0
PO000129,POL0000129,2026-06-18,SUP010,PRD0023,CDC_ANT,5,5,3100.58,2026-10-06,2026-10-17,Closed,110,0
PO000130,POL0000130,2026-05-21,SUP004,PRD0054,CDC_CAL,30,39,2053.55,2026-10-02,,Open,134,0
PO000131,POL0000131,2025-01-27,SUP002,PRD0098,CDC_CAL,20,20,1032.62,2025-05-24,2025-06-04,Closed,117,0
PO000132,POL0000132,2025-10-22,SUP006,PRD0026,CDC_CAL,30,30,10054.59,2025-11-22,2025-12-04,Closed,31,0
PO000133,POL0000133,2026-02-25,SUP007,PRD0005,CDC_CAL,2,2,4344.73,2026-05-18,2026-06-06,Closed,82,0
PO000134,POL0000134,2024-01-29,SUP006,PRD0101,CDC_SCL,10,10,4709.24,2024-03-10,2024-04-03,Closed,41,0
PO000135,POL0000135,2024-10-13,SUP005,PRD0057,CDC_CAL,5,5,7945.13,2024-12-25,2024-12-20,Closed,73,1
PO000136,POL0000136,2026-05-28,SUP005,PRD0040,CDC_ANT,30,30,10454.88,2026-08-17,2026-08-28,Closed,81,0
PO000137,POL0000137,2025-04-28,SUP005,PRD0109,CDC_SCL,20,20,16480.35,2025-07-21,2025-08-11,Closed,84,0
PO000138,POL0000138,2024-10-14,SUP010,PRD0109,CDC_COP,30,2,18789.82,2025-01-09,,Delayed,87,1
PO000139,POL0000139,2025-08-03,SUP005,PRD0050,CDC_CAL,1,0,174.86,2025-09-21,,Open,49,0
PO000140,POL0000140,2024-12-08,SUP004,PRD0084,CDC_COP,10,2,23156.66,2025-03-13,,Delayed,95,0
PO000141,POL0000141,2025-08-23,SUP003,PRD0048,CDC_CAL,2,2,5005.73,2025-10-08,2025-10-30,Closed,46,0
PO000142,POL0000142,2025-12-19,SUP004,PRD0096,CDC_ANT,50,50,1083.4,2026-04-27,2026-05-16,Closed,129,0
PO000143,POL0000143,2025-02-11,SUP003,PRD0021,CDC_ANT,20,20,1053.53,2025-03-27,2025-04-03,Closed,44,0
PO000144,POL0000144,2024-12-06,SUP006,PRD0105,CDC_ANT,2,1,424.0,2025-02-03,,Delayed,59,0
PO000145,POL0000145,2024-09-10,SUP007,PRD0017,CDC_SCL,30,30,4462.36,2025-01-20,2025-02-02,Closed,132,0
PO000146,POL0000146,2024-01-11,SUP004,PRD0114,CDC_COP,20,20,2185.63,2024-05-15,2024-05-07,Closed,125,0
PO000147,POL0000147,2026-04-30,SUP002,PRD0012,CDC_SCL,5,5,334.26,2026-08-29,2026-09-19,Closed,121,0
PO000148,POL0000148,2024-05-17,SUP010,PRD0111,CDC_SCL,15,15,8136.54,2024-07-14,2024-07-07,Closed,58,1
PO000149,POL0000149,2024-07-26,SUP008,PRD0031,CDC_SCL,30,24,8259.29,2024-09-08,,Open,44,0
PO000150,POL0000150,2026-03-23,SUP009,PRD0107,CDC_ANT,50,50,29135.28,2026-04-14,2026-04-30,Closed,22,0
PO000151,POL0000151,2025-07-03,SUP009,PRD0112,CDC_ANT,5,5,16948.6,2025-07-28,2025-07-30,Closed,25,0
PO000152,POL0000152,2024-02-24,SUP009,PRD0064,CDC_COP,2,2,22470.97,2024-04-17,2024-04-16,Closed,53,0
PO000153,POL0000153,2024-04-03,SUP002,PRD0089,CDC_CAL,20,20,6796.86,2024-07-26,2024-07-20,Closed,114,0
PO000154,POL0000154,2024-03-07,SUP009,PRD0066,CDC_COP,2,2,296.56,2024-04-27,2024-05-02,Closed,51,0
PO000155,POL0000155,2025-08-10,SUP002,PRD0100,CDC_SCL,20,7,1491.86,2025-11-29,,Delayed,111,0
PO000156,POL0000156,2026-06-16,SUP007,PRD0108,CDC_SCL,3,0,15079.54,2026-10-11,,Delayed,117,0
PO000157,POL0000157,2026-05-20,SUP007,PRD0092,CDC_CAL,1,1,10788.61,2026-09-22,2026-09-30,Closed,125,0
PO000158,POL0000158,2025-06-19,SUP007,PRD0110,CDC_SCL,15,15,4571.05,2025-09-21,2025-09-16,Closed,94,0
PO000159,POL0000159,2024-06-15,SUP003,PRD0111,CDC_SCL,15,15,8475.85,2024-07-09,2024-07-15,Closed,24,0
PO000160,POL0000160,2024-06-11,SUP010,PRD0027,CDC_CAL,2,2,5654.81,2024-10-04,2024-09-26,Closed,115,0
PO000161,POL0000161,2025-02-18,SUP008,PRD0066,CDC_SCL,5,5,274.15,2025-04-06,2025-04-10,Closed,47,0
PO000162,POL0000162,2024-08-09,SUP008,PRD0043,CDC_CAL,5,5,13623.96,2024-09-30,2024-09-29,Closed,52,0
PO000163,POL0000163,2025-05-22,SUP005,PRD0034,CDC_COP,30,2,5776.55,2025-08-28,,Partially Received,98,0
PO000164,POL0000164,2025-12-20,SUP003,PRD0113,CDC_ANT,1,1,1137.25,2026-01-27,2026-02-21,Closed,38,0
PO000165,POL0000165,2026-01-17,SUP004,PRD0092,CDC_SCL,30,30,11563.12,2026-04-30,2026-05-14,Closed,103,0
PO000166,POL0000166,2024-11-18,SUP009,PRD0108,CDC_CAL,20,20,16932.52,2024-11-29,2024-12-20,Closed,11,0
PO000167,POL0000167,2024-06-03,SUP008,PRD0101,CDC_SCL,10,4,5066.67,2024-07-03,,Delayed,30,0
PO000168,POL0000168,2024-11-13,SUP003,PRD0015,CDC_CAL,30,30,27035.14,2024-12-17,2024-12-27,Closed,34,0
PO000169,POL0000169,2024-12-20,SUP010,PRD0012,CDC_COP,30,30,325.79,2025-04-09,2025-04-03,Closed,110,0
PO000170,POL0000170,2025-04-04,SUP001,PRD0021,CDC_CAL,10,10,1229.05,2025-06-10,2025-06-20,Closed,67,0
PO000171,POL0000171,2025-11-08,SUP004,PRD0048,CDC_ANT,5,2,4542.15,2026-02-21,,Partially Received,105,0
PO000172,POL0000172,2024-07-27,SUP007,PRD0083,CDC_SCL,1,1,2679.39,2024-12-19,2024-12-15,Closed,145,0
PO000173,POL0000173,2025-08-31,SUP008,PRD0025,CDC_CAL,8,0,477.18,2025-10-14,,Delayed,44,0
PO000174,POL0000174,2024-10-28,SUP005,PRD0100,CDC_COP,10,10,1597.48,2025-01-13,2025-01-19,Closed,77,0
PO000175,POL0000175,2024-09-13,SUP007,PRD0001,CDC_COP,3,3,23921.4,2024-12-24,2025-01-02,Closed,102,0
PO000176,POL0000176,2025-02-03,SUP001,PRD0093,CDC_SCL,5,5,27429.75,2025-02-24,2025-02-28,Closed,21,0
PO000177,POL0000177,2026-03-12,SUP003,PRD0100,CDC_ANT,1,1,1756.5,2026-05-25,2026-06-19,Closed,74,0
PO000178,POL0000178,2024-03-15,SUP004,PRD0062,CDC_ANT,8,8,12003.88,2024-06-12,2024-06-07,Closed,89,0
PO000179,POL0000179,2025-12-16,SUP005,PRD0110,CDC_ANT,15,15,4850.56,2026-01-23,2026-02-06,Closed,38,0
PO000180,POL0000180,2024-12-16,SUP007,PRD0056,CDC_ANT,10,10,27731.05,2025-03-19,2025-04-09,Closed,93,0
PO000181,POL0000181,2025-03-10,SUP008,PRD0033,CDC_SCL,5,2,5975.51,2025-05-14,,Delayed,65,0
PO000182,POL0000182,2025-10-12,SUP007,PRD0112,CDC_ANT,10,10,16127.56,2025-12-31,2025-12-28,Closed,80,0
PO000183,POL0000183,2026-03-11,SUP006,PRD0069,CDC_CAL,30,30,4601.12,2026-05-11,2026-05-08,Closed,61,0
PO000184,POL0000184,2024-11-30,SUP007,PRD0078,CDC_CAL,2,2,9324.36,2025-03-29,2025-03-21,Closed,119,0
PO000185,POL0000185,2026-06-09,SUP002,PRD0018,CDC_CAL,8,8,904.22,2026-10-31,2026-10-24,Closed,144,0
PO000186,POL0000186,2025-04-23,SUP001,PRD0045,CDC_ANT,50,50,5148.81,2025-05-20,2025-06-12,Closed,27,0
PO000187,POL0000187,2024-06-10,SUP002,PRD0080,CDC_ANT,1,1,5344.45,2024-09-13,2024-09-29,Closed,95,0
PO000188,POL0000188,2024-02-01,SUP002,PRD0082,CDC_SCL,8,8,1322.3,2024-05-11,2024-05-20,Closed,100,0
PO000189,POL0000189,2025-05-14,SUP007,PRD0116,CDC_ANT,5,5,14393.56,2025-08-23,2025-08-28,Closed,101,0
PO000190,POL0000190,2024-04-12,SUP008,PRD0092,CDC_COP,30,30,11042.38,2024-06-20,2024-07-06,Closed,69,1
PO000191,POL0000191,2024-05-20,SUP010,PRD0009,CDC_SCL,15,15,1104.01,2024-09-06,2024-09-20,Closed,109,0
PO000192,POL0000192,2025-09-01,SUP010,PRD0115,CDC_SCL,15,15,6541.99,2026-01-09,2026-02-03,Closed,130,0
PO000193,POL0000193,2024-04-29,SUP004,PRD0048,CDC_ANT,20,20,5188.09,2024-08-03,2024-08-09,Closed,96,0
PO000194,POL0000194,2026-04-23,SUP002,PRD0072,CDC_CAL,15,15,6983.96,2026-08-16,2026-08-23,Closed,115,0
PO000195,POL0000195,2026-01-16,SUP008,PRD0092,CDC_ANT,1,1,11401.45,2026-03-01,2026-03-15,Closed,44,1
PO000196,POL0000196,2024-10-12,SUP004,PRD0065,CDC_COP,2,0,1010.2,2025-02-01,,Open,112,0
PO000197,POL0000197,2026-01-24,SUP009,PRD0063,CDC_COP,30,30,5575.5,2026-03-23,2026-04-13,Closed,58,0
PO000198,POL0000198,2026-06-05,SUP008,PRD0060,CDC_COP,3,3,14797.12,2026-07-31,2026-08-13,Closed,56,0
PO000199,POL0000199,2025-02-16,SUP005,PRD0101,CDC_COP,15,13,4547.32,2025-04-11,,Partially Received,54,0
PO000200,POL0000200,2024-02-23,SUP004,PRD0050,CDC_SCL,50,50,170.42,2024-06-30,2024-07-19,Closed,128,0
PO000201,POL0000201,2025-12-01,SUP001,PRD0112,CDC_CAL,20,20,18777.26,2026-01-20,2026-02-14,Closed,50,0
PO000202,POL0000202,2026-04-19,SUP008,PRD0112,CDC_CAL,50,50,18446.89,2026-07-14,2026-07-07,Closed,86,1
PO000203,POL0000203,2024-01-01,SUP004,PRD0081,CDC_CAL,3,3,1092.76,2024-05-02,2024-05-13,Closed,122,0
PO000204,POL0000204,2024-09-02,SUP001,PRD0042,CDC_ANT,5,5,2967.36,2024-10-12,2024-11-06,Closed,40,0
PO000205,POL0000205,2025-02-06,SUP006,PRD0067,CDC_COP,8,8,452.23,2025-04-06,2025-04-19,Closed,59,1
PO000206,POL0000206,2025-10-12,SUP001,PRD0057,CDC_SCL,50,13,7888.22,2025-11-08,,Open,27,0
PO000207,POL0000207,2024-02-24,SUP004,PRD0068,CDC_ANT,3,3,7816.52,2024-05-04,2024-05-04,Closed,70,0
PO000208,POL0000208,2025-12-14,SUP004,PRD0095,CDC_ANT,2,1,7397.23,2026-04-01,,Delayed,108,0
PO000209,POL0000209,2025-03-05,SUP005,PRD0024,CDC_SCL,50,50,15333.61,2025-05-24,2025-05-29,Closed,80,0
PO000210,POL0000210,2024-10-14,SUP001,PRD0006,CDC_COP,2,2,7663.98,2024-10-24,2024-11-03,Closed,10,0
PO000211,POL0000211,2024-04-15,SUP001,PRD0062,CDC_CAL,2,2,11128.62,2024-06-19,2024-06-26,Closed,65,1
PO000212,POL0000212,2025-05-16,SUP003,PRD0044,CDC_CAL,30,6,28127.48,2025-06-26,,Partially Received,41,1
PO000213,POL0000213,2025-10-13,SUP009,PRD0072,CDC_SCL,3,3,6952.86,2025-11-15,2025-11-10,Closed,33,0
PO000214,POL0000214,2024-02-07,SUP003,PRD0022,CDC_COP,50,50,735.99,2024-04-08,2024-04-14,Closed,61,0
PO000215,POL0000215,2026-03-14,SUP006,PRD0017,CDC_CAL,30,30,3976.71,2026-05-01,2026-05-22,Closed,48,0
PO000216,POL0000216,2024-12-31,SUP006,PRD0058,CDC_SCL,15,4,2714.03,2025-02-13,,Delayed,44,0
PO000217,POL0000217,2024-01-08,SUP008,PRD0011,CDC_CAL,8,1,23153.77,2024-02-19,,Open,42,0
PO000218,POL0000218,2025-06-21,SUP006,PRD0092,CDC_ANT,20,20,11682.62,2025-09-19,2025-10-07,Closed,90,0
PO000219,POL0000219,2025-10-24,SUP003,PRD0115,CDC_ANT,10,1,6208.17,2025-12-13,,Partially Received,50,0
PO000220,POL0000220,2025-05-20,SUP007,PRD0062,CDC_COP,3,3,12288.81,2025-09-07,2025-09-08,Closed,110,0
PO000221,POL0000221,2025-05-05,SUP010,PRD0080,CDC_COP,5,5,4840.2,2025-09-09,2025-09-06,Closed,127,0
PO000222,POL0000222,2025-04-24,SUP003,PRD0096,CDC_ANT,5,5,1097.75,2025-06-04,2025-05-28,Closed,41,0
PO000223,POL0000223,2025-07-18,SUP002,PRD0005,CDC_CAL,3,3,4181.5,2025-10-12,2025-10-23,Closed,86,0
PO000224,POL0000224,2026-04-13,SUP001,PRD0087,CDC_ANT,20,20,1308.55,2026-05-22,2026-06-16,Closed,39,0
PO000225,POL0000225,2024-08-04,SUP007,PRD0102,CDC_SCL,2,2,863.48,2024-12-30,2025-01-24,Closed,148,0
PO000226,POL0000226,2024-05-05,SUP004,PRD0113,CDC_CAL,8,8,1092.98,2024-09-04,2024-09-15,Closed,122,0
PO000227,POL0000227,2024-02-07,SUP006,PRD0116,CDC_ANT,10,8,13139.85,2024-04-13,,Partially Received,66,0
PO000228,POL0000228,2024-04-15,SUP008,PRD0078,CDC_ANT,3,3,8409.84,2024-06-12,2024-07-01,Closed,58,0
PO000229,POL0000229,2024-09-07,SUP001,PRD0087,CDC_COP,15,15,1188.41,2024-09-21,2024-10-14,Closed,14,0
PO000230,POL0000230,2024-01-13,SUP006,PRD0076,CDC_SCL,15,6,16461.03,2024-02-19,,Delayed,37,0
PO000231,POL0000231,2024-04-19,SUP009,PRD0067,CDC_CAL,30,30,421.83,2024-06-04,2024-06-18,Closed,46,0
PO000232,POL0000232,2024-01-10,SUP005,PRD0088,CDC_ANT,1,1,876.8,2024-03-05,2024-03-20,Closed,55,0
PO000233,POL0000233,2025-11-27,SUP007,PRD0027,CDC_COP,50,50,5977.58,2026-02-26,2026-02-20,Closed,91,0
PO000234,POL0000234,2026-05-03,SUP005,PRD0086,CDC_ANT,2,1,3975.35,2026-06-18,,Partially Received,46,0
PO000235,POL0000235,2024-12-25,SUP002,PRD0045,CDC_ANT,50,50,5132.87,2025-04-18,2025-04-29,Closed,114,0
PO000236,POL0000236,2024-11-15,SUP005,PRD0100,CDC_COP,30,30,1578.01,2025-01-18,2025-02-12,Closed,64,0
PO000237,POL0000237,2024-03-02,SUP004,PRD0027,CDC_ANT,3,3,5193.24,2024-07-03,2024-07-10,Closed,123,0
PO000238,POL0000238,2024-03-10,SUP008,PRD0026,CDC_CAL,8,8,8637.29,2024-05-29,2024-06-18,Closed,80,0
PO000239,POL0000239,2026-05-10,SUP009,PRD0107,CDC_CAL,50,50,25291.12,2026-06-25,2026-07-01,Closed,46,0
PO000240,POL0000240,2024-10-02,SUP006,PRD0065,CDC_COP,2,2,942.03,2024-12-06,2024-12-04,Closed,65,0
PO000241,POL0000241,2025-10-25,SUP009,PRD0053,CDC_SCL,8,8,830.73,2025-11-11,2025-11-18,Closed,17,0
PO000242,POL0000242,2024-10-19,SUP010,PRD0037,CDC_CAL,10,10,288.28,2025-01-27,2025-02-21,Closed,100,0
PO000243,POL0000243,2026-04-27,SUP010,PRD0079,CDC_SCL,5,5,5826.21,2026-07-28,2026-08-16,Closed,92,0
PO000244,POL0000244,2024-06-06,SUP004,PRD0101,CDC_COP,8,8,5210.92,2024-10-16,2024-10-18,Closed,132,0
PO000245,POL0000245,2024-01-02,SUP009,PRD0103,CDC_CAL,10,0,6197.49,2024-01-24,,Open,22,0
PO000246,POL0000246,2026-03-26,SUP002,PRD0095,CDC_ANT,5,4,6346.06,2026-07-22,,Open,118,0
PO000247,POL0000247,2024-03-29,SUP006,PRD0023,CDC_ANT,5,5,3014.14,2024-05-05,2024-05-14,Closed,37,0
PO000248,POL0000248,2025-04-22,SUP009,PRD0038,CDC_SCL,2,2,33380.08,2025-05-28,2025-06-16,Closed,36,0
PO000249,POL0000249,2024-08-13,SUP009,PRD0039,CDC_COP,3,3,7578.62,2024-09-12,2024-09-24,Closed,30,0
PO000250,POL0000250,2025-03-06,SUP003,PRD0050,CDC_ANT,10,10,173.49,2025-04-12,2025-04-12,Closed,37,0
PO000251,POL0000251,2024-09-04,SUP002,PRD0115,CDC_COP,1,1,5903.55,2024-11-14,2024-11-26,Closed,71,0
PO000252,POL0000252,2024-11-28,SUP006,PRD0077,CDC_SCL,3,3,273.13,2025-02-05,2025-02-21,Closed,69,0
PO000253,POL0000253,2025-10-14,SUP001,PRD0069,CDC_CAL,3,3,4803.71,2025-11-21,2025-12-16,Closed,38,0
PO000254,POL0000254,2024-10-21,SUP008,PRD0040,CDC_ANT,20,20,9350.42,2024-11-25,2024-11-25,Closed,35,1
PO000255,POL0000255,2024-02-29,SUP008,PRD0025,CDC_CAL,20,13,480.73,2024-05-19,,Open,80,1
PO000256,POL0000256,2024-12-07,SUP007,PRD0023,CDC_ANT,20,20,2890.84,2025-05-06,2025-05-08,Closed,150,0
PO000257,POL0000257,2025-09-29,SUP008,PRD0120,CDC_COP,5,4,9137.45,2025-10-29,,Open,30,0
PO000258,POL0000258,2024-03-28,SUP005,PRD0077,CDC_COP,5,5,257.05,2024-05-28,2024-06-21,Closed,61,0
PO000259,POL0000259,2024-07-07,SUP007,PRD0027,CDC_COP,30,2,5623.54,2024-11-09,,Delayed,125,1
PO000260,POL0000260,2024-04-20,SUP010,PRD0060,CDC_COP,20,20,14638.82,2024-08-13,2024-09-05,Closed,115,0
PO000261,POL0000261,2026-01-07,SUP010,PRD0032,CDC_SCL,8,8,483.74,2026-04-07,2026-04-16,Closed,90,0
PO000262,POL0000262,2025-07-07,SUP007,PRD0083,CDC_COP,8,11,2643.25,2025-11-15,2025-12-08,Closed,131,0
PO000263,POL0000263,2025-04-25,SUP009,PRD0069,CDC_COP,15,15,4653.6,2025-06-06,2025-06-24,Closed,42,1
PO000264,POL0000264,2025-12-08,SUP009,PRD0056,CDC_SCL,15,0,26454.66,2026-01-16,,Delayed,39,0
PO000265,POL0000265,2024-08-10,SUP004,PRD0018,CDC_COP,20,20,1079.53,2024-12-24,2025-01-14,Closed,136,1
PO000266,POL0000266,2025-02-21,SUP004,PRD0113,CDC_COP,3,3,1206.26,2025-06-16,2025-07-09,Closed,115,0
PO000267,POL0000267,2024-07-07,SUP006,PRD0105,CDC_ANT,30,30,413.82,2024-09-14,2024-09-22,Closed,69,0
PO000268,POL0000268,2026-03-23,SUP010,PRD0060,CDC_CAL,10,17,15239.15,2026-07-17,,Delayed,116,0
PO000269,POL0000269,2024-07-17,SUP005,PRD0033,CDC_COP,50,50,6255.69,2024-10-18,2024-11-02,Closed,93,0
PO000270,POL0000270,2024-05-16,SUP010,PRD0034,CDC_COP,1,0,5423.77,2024-09-13,,Delayed,120,0
PO000271,POL0000271,2024-04-11,SUP009,PRD0086,CDC_CAL,50,50,4155.19,2024-04-27,2024-05-16,Closed,16,0
PO000272,POL0000272,2025-05-14,SUP002,PRD0017,CDC_COP,8,8,4136.03,2025-09-07,2025-09-16,Closed,116,0
PO000273,POL0000273,2025-10-15,SUP005,PRD0119,CDC_ANT,50,50,480.77,2026-01-14,2026-02-05,Closed,91,0
PO000274,POL0000274,2024-05-16,SUP008,PRD0023,CDC_COP,50,50,3153.62,2024-06-21,2024-06-27,Closed,36,1
PO000275,POL0000275,2026-05-03,SUP008,PRD0055,CDC_COP,20,3,381.97,2026-07-02,,Delayed,60,0
PO000276,POL0000276,2026-03-10,SUP001,PRD0114,CDC_SCL,50,50,2090.48,2026-05-03,2026-05-20,Closed,54,0
PO000277,POL0000277,2024-12-31,SUP010,PRD0017,CDC_COP,2,2,4314.21,2025-04-06,2025-04-01,Closed,96,0
PO000278,POL0000278,2025-09-15,SUP002,PRD0058,CDC_COP,20,20,2972.82,2025-12-24,2026-01-08,Closed,100,0
PO000279,POL0000279,2024-01-29,SUP008,PRD0057,CDC_SCL,3,3,6754.4,2024-03-05,2024-03-26,Closed,36,0
PO000280,POL0000280,2024-12-19,SUP003,PRD0097,CDC_CAL,5,2,737.59,2025-01-14,,Partially Received,26,0
PO000281,POL0000281,2026-06-23,SUP005,PRD0103,CDC_ANT,20,20,5973.78,2026-08-31,2026-08-23,Closed,69,0
PO000282,POL0000282,2025-01-19,SUP006,PRD0108,CDC_COP,1,0,14270.87,2025-02-21,,Open,33,0
PO000283,POL0000283,2026-06-09,SUP005,PRD0005,CDC_SCL,20,12,4386.29,2026-08-25,,Partially Received,77,0
PO000284,POL0000284,2026-03-22,SUP006,PRD0002,CDC_COP,8,4,13521.07,2026-05-03,,Open,42,1
PO000285,POL0000285,2025-07-29,SUP008,PRD0025,CDC_CAL,8,7,443.62,2025-09-24,,Delayed,57,0
PO000286,POL0000286,2024-06-30,SUP009,PRD0035,CDC_ANT,3,3,4351.61,2024-07-31,2024-08-01,Closed,31,0
PO000287,POL0000287,2024-05-02,SUP001,PRD0068,CDC_COP,30,23,7998.7,2024-06-10,,Open,39,1
PO000288,POL0000288,2025-10-15,SUP006,PRD0004,CDC_SCL,20,20,4033.65,2025-12-27,2025-12-21,Closed,73,0
PO000289,POL0000289,2026-03-20,SUP002,PRD0054,CDC_COP,50,50,2001.9,2026-06-26,2026-07-04,Closed,98,0
PO000290,POL0000290,2025-04-19,SUP009,PRD0029,CDC_COP,5,5,6558.33,2025-05-20,2025-05-17,Closed,31,0
PO000291,POL0000291,2024-11-28,SUP008,PRD0053,CDC_SCL,5,5,830.69,2025-01-03,2025-01-08,Closed,36,0
PO000292,POL0000292,2024-10-31,SUP007,PRD0041,CDC_COP,1,0,14341.94,2025-03-22,,Delayed,142,0
PO000293,POL0000293,2026-02-17,SUP010,PRD0109,CDC_COP,50,48,17024.0,2026-05-22,,Delayed,94,1
PO000294,POL0000294,2024-11-04,SUP006,PRD0096,CDC_CAL,15,15,1127.24,2024-12-28,2025-01-01,Closed,54,0
PO000295,POL0000295,2025-12-17,SUP008,PRD0044,CDC_ANT,15,15,30644.01,2026-01-26,2026-01-25,Closed,40,0
PO000296,POL0000296,2025-05-04,SUP009,PRD0022,CDC_SCL,20,20,732.93,2025-05-30,2025-06-02,Closed,26,0
PO000297,POL0000297,2024-02-10,SUP007,PRD0055,CDC_COP,50,50,395.67,2024-05-23,2024-06-09,Closed,103,0
PO000298,POL0000298,2025-12-29,SUP007,PRD0095,CDC_COP,30,28,6649.75,2026-05-23,,Partially Received,145,0
PO000299,POL0000299,2025-05-03,SUP009,PRD0015,CDC_COP,2,2,24006.22,2025-07-02,2025-07-09,Closed,60,0
PO000300,POL0000300,2024-10-01,SUP005,PRD0083,CDC_COP,5,5,2618.32,2024-12-08,2024-12-09,Closed,68,0
PO000301,POL0000301,2025-03-17,SUP010,PRD0067,CDC_CAL,50,50,410.46,2025-06-14,2025-06-23,Closed,89,0
PO000302,POL0000302,2025-01-28,SUP007,PRD0071,CDC_ANT,3,3,914.73,2025-05-21,2025-05-17,Closed,113,0
PO000303,POL0000303,2024-12-30,SUP005,PRD0007,CDC_ANT,10,10,3274.98,2025-03-13,2025-03-06,Closed,73,0
PO000304,POL0000304,2024-10-16,SUP009,PRD0105,CDC_SCL,5,5,436.12,2024-12-06,2024-12-08,Closed,51,1
PO000305,POL0000305,2025-08-20,SUP005,PRD0115,CDC_SCL,1,0,5759.79,2025-11-03,,Delayed,75,0
PO000306,POL0000306,2024-03-23,SUP005,PRD0092,CDC_COP,50,50,10420.77,2024-07-13,2024-07-14,Closed,112,0
PO000307,POL0000307,2024-02-06,SUP009,PRD0021,CDC_ANT,3,3,1195.22,2024-02-16,2024-03-06,Closed,10,0
PO000308,POL0000308,2024-04-25,SUP003,PRD0078,CDC_SCL,8,0,9763.19,2024-07-13,,Open,-5,0
PO000309,POL0000309,2024-06-14,SUP004,PRD0031,CDC_CAL,10,10,7551.59,2024-09-21,2024-10-07,Closed,99,0
PO000310,POL0000310,2025-10-17,SUP002,PRD0060,CDC_ANT,10,5,14975.33,2026-01-13,,Delayed,88,0
PO000311,POL0000311,2025-12-12,SUP001,PRD0071,CDC_CAL,2,0,1001.09,2026-01-13,,Delayed,32,0
PO000312,POL0000312,2024-10-01,SUP003,PRD0097,CDC_CAL,8,7,640.95,2024-10-20,,Partially Received,19,0
PO000313,POL0000313,2025-01-10,SUP003,PRD0109,CDC_COP,3,0,17939.44,2025-01-24,,Open,14,1
PO000314,POL0000314,2024-10-22,SUP001,PRD0040,CDC_SCL,30,30,9305.62,2024-12-04,2024-12-11,Closed,43,0
PO000315,POL0000315,2025-11-09,SUP006,PRD0028,CDC_ANT,10,6,6625.53,2026-01-12,,Delayed,64,0
PO000316,POL0000316,2026-02-28,SUP003,PRD0109,CDC_ANT,5,2,18629.31,2026-04-15,,Delayed,46,0
PO000317,POL0000317,2026-01-21,SUP002,PRD0049,CDC_ANT,2,2,463.13,2026-04-19,2026-04-16,Closed,88,0
PO000318,POL0000318,2026-06-17,SUP006,PRD0077,CDC_CAL,2,2,240.37,2026-09-16,2026-09-11,Closed,91,0
PO000319,POL0000319,2026-01-05,SUP008,PRD0098,CDC_SCL,1,1,1139.08,2026-04-17,2026-04-14,Closed,102,0
PO000320,POL0000320,2026-06-16,SUP003,PRD0026,CDC_SCL,8,4,9686.59,2026-07-10,,Partially Received,24,0
PO000321,POL0000321,2024-07-02,SUP010,PRD0109,CDC_ANT,10,10,17646.13,2024-10-01,2024-10-12,Closed,91,1
PO000322,POL0000322,2025-10-09,SUP002,PRD0044,CDC_CAL,2,0,30908.37,2025-12-25,,Delayed,77,0
PO000323,POL0000323,2024-08-09,SUP007,PRD0115,CDC_COP,10,1,6006.29,2024-12-17,,Open,130,0
PO000324,POL0000324,2024-03-27,SUP010,PRD0113,CDC_SCL,20,20,1153.16,2024-06-15,2024-06-13,Closed,80,0
PO000325,POL0000325,2025-01-04,SUP002,PRD0106,CDC_SCL,15,12,8437.75,2025-04-23,,Open,109,1
PO000326,POL0000326,2026-04-07,SUP010,PRD0090,CDC_COP,8,8,1710.8,2026-06-19,2026-07-05,Closed,73,1
PO000327,POL0000327,2024-03-02,SUP006,PRD0091,CDC_CAL,30,30,512.21,2024-06-01,2024-06-21,Closed,91,0
PO000328,POL0000328,2025-12-18,SUP005,PRD0036,CDC_CAL,3,3,2896.2,2026-03-01,2026-02-27,Closed,73,0
PO000329,POL0000329,2024-08-07,SUP005,PRD0022,CDC_SCL,5,5,760.75,2024-11-08,2024-11-17,Closed,93,0
PO000330,POL0000330,2024-07-21,SUP006,PRD0009,CDC_SCL,1,1,1107.27,2024-08-05,2024-08-09,Closed,15,0
PO000331,POL0000331,2026-04-29,SUP002,PRD0029,CDC_COP,2,2,7086.18,2026-08-10,2026-08-15,Closed,103,1
PO000332,POL0000332,2024-10-03,SUP003,PRD0072,CDC_SCL,5,5,6828.03,2024-10-24,2024-11-04,Closed,21,0
PO000333,POL0000333,2025-03-09,SUP006,PRD0003,CDC_COP,3,3,8055.71,2025-05-15,2025-05-24,Closed,67,0
PO000334,POL0000334,2026-04-23,SUP001,PRD0084,CDC_COP,2,1,24300.86,2026-05-21,,Partially Received,28,0
PO000335,POL0000335,2025-04-21,SUP002,PRD0033,CDC_CAL,2,2,6244.74,2025-08-10,2025-08-25,Closed,111,1
PO000336,POL0000336,2024-03-10,SUP007,PRD0057,CDC_ANT,10,10,7125.76,2024-06-19,2024-06-24,Closed,101,0
PO000337,POL0000337,2024-06-22,SUP010,PRD0025,CDC_CAL,2,2,479.6,2024-10-09,2024-10-31,Closed,109,0
PO000338,POL0000338,2025-04-15,SUP001,PRD0105,CDC_COP,1,1,366.88,2025-06-04,2025-06-25,Closed,50,1
PO000339,POL0000339,2026-02-17,SUP006,PRD0075,CDC_ANT,15,15,1109.67,2026-04-17,2026-04-16,Closed,59,0
PO000340,POL0000340,2024-01-21,SUP006,PRD0020,CDC_COP,8,8,9935.03,2024-03-23,2024-04-01,Closed,62,1
PO000341,POL0000341,2024-05-20,SUP005,PRD0036,CDC_COP,10,10,2690.06,2024-07-02,2024-07-15,Closed,43,0
PO000342,POL0000342,2025-06-03,SUP007,PRD0023,CDC_CAL,50,50,3276.41,2025-09-03,2025-09-05,Closed,92,0
PO000343,POL0000343,2024-05-29,SUP001,PRD0117,CDC_SCL,10,0,995.25,2024-07-02,,Delayed,34,0
PO000344,POL0000344,2025-12-02,SUP008,PRD0104,CDC_CAL,15,15,4844.35,2026-02-03,2026-02-07,Closed,63,0
PO000345,POL0000345,2026-01-14,SUP008,PRD0094,CDC_SCL,20,7,17745.23,2026-02-19,,Open,36,1
PO000346,POL0000346,2024-07-18,SUP001,PRD0069,CDC_COP,20,17,4921.98,2024-09-03,,Open,47,0
PO000347,POL0000347,2025-02-05,SUP005,PRD0080,CDC_ANT,15,15,4983.7,2025-04-05,2025-04-04,Closed,59,0
PO000348,POL0000348,2024-03-27,SUP002,PRD0003,CDC_SCL,8,4,8384.62,2024-07-09,,Open,104,0
PO000349,POL0000349,2024-08-20,SUP001,PRD0049,CDC_ANT,20,20,505.27,2024-09-04,2024-08-28,Closed,15,0
PO000350,POL0000350,2026-05-16,SUP008,PRD0012,CDC_ANT,50,50,342.38,2026-07-11,2026-07-28,Closed,56,0
PO000351,POL0000351,2025-09-01,SUP005,PRD0046,CDC_CAL,20,20,341.98,2025-11-06,2025-11-24,Closed,66,0
PO000352,POL0000352,2026-03-14,SUP004,PRD0093,CDC_SCL,1,1,27982.09,2026-07-14,2026-08-05,Closed,122,0
PO000353,POL0000353,2024-06-17,SUP007,PRD0056,CDC_COP,50,50,30188.76,2024-09-27,2024-10-04,Closed,102,0
PO000354,POL0000354,2025-01-03,SUP004,PRD0047,CDC_COP,10,10,5737.86,2025-05-14,2025-05-27,Closed,131,0
PO000355,POL0000355,2025-09-02,SUP001,PRD0106,CDC_SCL,3,3,8581.42,2025-09-27,2025-10-06,Closed,25,0
PO000356,POL0000356,2024-04-16,SUP009,PRD0099,CDC_CAL,3,2,2084.22,2024-06-14,,Open,59,0
PO000357,POL0000357,2024-03-13,SUP004,PRD0065,CDC_SCL,2,0,980.63,2024-07-15,,Open,124,0
PO000358,POL0000358,2026-05-02,SUP001,PRD0005,CDC_COP,1,1,3817.66,2026-05-29,2026-06-20,Closed,27,0
PO000359,POL0000359,2024-02-07,SUP006,PRD0019,CDC_ANT,10,10,1666.85,2024-04-06,2024-04-04,Closed,59,1
PO000360,POL0000360,2024-04-22,SUP009,PRD0069,CDC_COP,50,50,4528.9,2024-05-02,2024-05-22,Closed,10,1
PO000361,POL0000361,2024-01-25,SUP006,PRD0066,CDC_COP,10,10,281.53,2024-03-13,2024-03-10,Closed,48,0
PO000362,POL0000362,2025-08-27,SUP003,PRD0029,CDC_COP,8,8,6576.33,2025-10-18,2025-11-04,Closed,52,0
PO000363,POL0000363,2026-03-03,SUP007,PRD0075,CDC_COP,10,10,1230.08,2026-06-09,2026-06-23,Closed,98,0
PO000364,POL0000364,2024-11-05,SUP008,PRD0026,CDC_ANT,30,30,8999.87,2024-12-05,2024-12-01,Closed,30,1
PO000365,POL0000365,2025-10-23,SUP001,PRD0066,CDC_ANT,5,5,259.33,2025-11-21,2025-11-25,Closed,29,1
PO000366,POL0000366,2025-11-12,SUP008,PRD0102,CDC_SCL,2,2,900.19,2026-01-19,2026-01-29,Closed,68,1
PO000367,POL0000367,2024-11-10,SUP004,PRD0052,CDC_SCL,5,5,8696.48,2025-03-20,2025-04-07,Closed,130,0
PO000368,POL0000368,2025-03-24,SUP003,PRD0015,CDC_ANT,2,2,27548.52,2025-04-30,2025-04-24,Closed,37,1
PO000369,POL0000369,2026-02-25,SUP009,PRD0094,CDC_COP,50,50,15954.14,2026-04-05,2026-03-29,Closed,-5,0
PO000370,POL0000370,2025-01-08,SUP003,PRD0100,CDC_CAL,10,10,1741.06,2025-02-03,2025-01-31,Closed,26,0
PO000371,POL0000371,2024-04-13,SUP001,PRD0001,CDC_SCL,30,30,23681.62,2024-05-26,2024-06-19,Closed,43,0
PO000372,POL0000372,2024-02-01,SUP009,PRD0075,CDC_CAL,8,8,1059.76,2024-02-20,2024-03-02,Closed,19,0
PO000373,POL0000373,2026-01-19,SUP009,PRD0091,CDC_ANT,20,9,554.93,2026-03-15,,Open,55,0
PO000374,POL0000374,2024-11-03,SUP004,PRD0072,CDC_ANT,8,8,7494.22,2025-03-21,2025-03-17,Closed,138,0
PO000375,POL0000375,2025-08-06,SUP009,PRD0062,CDC_CAL,5,4,11519.03,2025-08-31,,Open,25,0
PO000376,POL0000376,2024-05-10,SUP002,PRD0094,CDC_SCL,30,25,15753.56,2024-08-30,,Delayed,112,1
PO000377,POL0000377,2025-03-26,SUP005,PRD0027,CDC_SCL,15,15,5427.27,2025-07-11,2025-07-14,Closed,107,0
PO000378,POL0000378,2025-08-15,SUP006,PRD0008,CDC_SCL,20,20,3511.84,2025-09-26,2025-10-04,Closed,42,0
PO000379,POL0000379,2024-03-24,SUP003,PRD0086,CDC_ANT,50,50,3952.28,2024-04-25,2024-04-18,Closed,32,0
PO000380,POL0000380,2024-09-16,SUP003,PRD0004,CDC_ANT,3,3,3519.36,2024-10-30,2024-10-23,Closed,44,0
PO000381,POL0000381,2025-05-04,SUP009,PRD0087,CDC_COP,8,8,1261.25,2025-06-07,2025-06-02,Closed,34,0
PO000382,POL0000382,2025-01-31,SUP005,PRD0113,CDC_SCL,15,15,1122.66,2025-04-13,2025-05-08,Closed,72,0
PO000383,POL0000383,2025-03-08,SUP003,PRD0109,CDC_CAL,3,3,16452.24,2025-04-16,2025-04-17,Closed,39,0
PO000384,POL0000384,2024-10-03,SUP005,PRD0019,CDC_COP,8,8,1441.58,2024-12-05,2024-12-29,Closed,63,0
PO000385,POL0000385,2024-10-04,SUP008,PRD0045,CDC_SCL,1,1,4859.27,2024-11-28,2024-12-15,Closed,55,0
PO000386,POL0000386,2024-01-25,SUP009,PRD0108,CDC_CAL,15,7,14499.04,2024-03-09,,Open,480,1
PO000387,POL0000387,2024-11-08,SUP006,PRD0007,CDC_CAL,5,5,3424.78,2025-01-01,2025-01-21,Closed,54,0
PO000388,POL0000388,2025-04-27,SUP003,PRD0029,CDC_COP,10,10,7234.4,2025-05-27,2025-05-25,Closed,30,1
PO000389,POL0000389,2024-12-22,SUP002,PRD0093,CDC_COP,8,4,27897.2,2025-03-31,,Open,99,0
PO000390,POL0000390,2024-12-10,SUP007,PRD0082,CDC_CAL,10,10,1148.55,2025-04-18,2025-05-05,Closed,129,0
PO000391,POL0000391,2024-12-22,SUP002,PRD0096,CDC_ANT,50,50,1148.67,2025-04-06,2025-04-14,Closed,105,0
PO000392,POL0000392,2025-01-27,SUP007,PRD0012,CDC_ANT,2,2,359.87,2025-04-22,2025-05-01,Closed,85,0
PO000393,POL0000393,2024-03-07,SUP008,PRD0038,CDC_ANT,5,0,33867.55,2024-05-07,,Open,61,0
PO000394,POL0000394,2026-06-05,SUP002,PRD0073,CDC_ANT,30,30,24423.72,2026-09-15,2026-09-20,Closed,102,0
PO000395,POL0000395,2025-05-27,SUP007,PRD0010,CDC_ANT,20,20,6629.96,2025-08-29,2025-08-26,Closed,94,1
PO000396,POL0000396,2025-04-22,SUP002,PRD0029,CDC_SCL,30,30,6583.29,2025-07-16,2025-08-01,Closed,85,0
PO000397,POL0000397,2025-01-30,SUP003,PRD0090,CDC_ANT,2,1,1853.79,2025-02-09,,Delayed,10,0
PO000398,POL0000398,2025-11-16,SUP002,PRD0031,CDC_CAL,20,20,8212.46,2026-02-08,2026-02-12,Closed,84,0
PO000399,POL0000399,2024-12-15,SUP010,PRD0094,CDC_SCL,10,10,18886.34,2025-04-18,2025-05-01,Closed,124,1
PO000400,POL0000400,2024-10-27,SUP009,PRD0105,CDC_SCL,10,10,435.05,2024-12-06,2024-12-25,Closed,40,0
PO000401,POL0000401,2024-08-05,SUP003,PRD0093,CDC_ANT,20,20,26552.76,2024-09-27,2024-09-27,Closed,53,0
PO000402,POL0000402,2024-11-14,SUP002,PRD0056,CDC_COP,2,1,26025.06,2025-03-02,,Open,108,0
PO000403,POL0000403,2026-05-12,SUP007,PRD0106,CDC_SCL,2,2,7960.29,2026-08-14,2026-08-22,Closed,94,0
PO000404,POL0000404,2025-06-05,SUP004,PRD0053,CDC_ANT,10,10,777.36,2025-09-18,2025-09-25,Closed,105,0
PO000405,POL0000405,2025-11-11,SUP002,PRD0038,CDC_SCL,1,1,36900.1,2026-01-26,2026-02-17,Closed,76,0
PO000406,POL0000406,2024-08-27,SUP008,PRD0016,CDC_COP,2,0,362.87,2024-10-14,,Open,48,0
PO000407,POL0000407,2025-12-29,SUP002,PRD0098,CDC_CAL,3,3,1177.36,2026-03-26,2026-03-26,Closed,87,0
PO000408,POL0000408,2024-04-06,SUP001,PRD0088,CDC_ANT,15,15,840.0,2024-05-24,2024-05-23,Closed,48,0
PO000409,POL0000409,2026-01-05,SUP005,PRD0116,CDC_SCL,50,50,12582.68,2026-03-07,2026-03-20,Closed,61,0
PO000410,POL0000410,2024-02-24,SUP003,PRD0029,CDC_CAL,8,8,6631.86,2024-03-30,2024-04-13,Closed,35,0
PO000411,POL0000411,2025-04-03,SUP009,PRD0120,CDC_CAL,2,2,8762.95,2025-05-17,2025-05-11,Closed,44,0
PO000412,POL0000412,2025-08-25,SUP009,PRD0115,CDC_ANT,15,15,6526.99,2025-09-28,2025-10-21,Closed,34,0
PO000413,POL0000413,2025-09-03,SUP005,PRD0089,CDC_CAL,5,5,6616.75,2025-11-16,2025-12-02,Closed,74,0
PO000414,POL0000414,2026-03-02,SUP005,PRD0052,CDC_COP,2,2,9208.25,2026-05-15,2026-05-22,Closed,74,1
PO000415,POL0000415,2026-01-05,SUP009,PRD0079,CDC_COP,5,5,5484.46,2026-02-24,2026-03-01,Closed,50,1
PO000416,POL0000416,2026-06-15,SUP010,PRD0016,CDC_SCL,15,15,370.22,2026-09-10,2026-09-20,Closed,87,0
PO000417,POL0000417,2026-01-12,SUP008,PRD0017,CDC_CAL,5,3,4061.87,2026-03-09,,Partially Received,56,0
PO000418,POL0000418,2025-09-01,SUP006,PRD0038,CDC_SCL,10,10,33275.62,2025-11-24,2025-12-02,Closed,84,0
PO000419,POL0000419,2025-06-22,SUP002,PRD0096,CDC_SCL,1,1,1283.4,2025-10-24,2025-10-28,Closed,124,0
PO000420,POL0000420,2025-05-02,SUP001,PRD0052,CDC_SCL,5,5,9450.36,2025-06-13,2025-06-20,Closed,42,0
PO000421,POL0000421,2024-03-25,SUP003,PRD0103,CDC_CAL,15,15,6337.9,2024-05-31,2024-06-06,Closed,67,0
PO000422,POL0000422,2024-12-31,SUP002,PRD0077,CDC_ANT,30,30,265.19,2025-04-22,2025-05-11,Closed,112,0
PO000423,POL0000423,2025-04-14,SUP008,PRD0115,CDC_CAL,8,8,6215.28,2025-06-17,2025-06-15,Closed,64,0
PO000424,POL0000424,2024-01-27,SUP008,PRD0086,CDC_CAL,8,8,3841.25,2024-03-13,2024-03-24,Closed,46,1
PO000425,POL0000425,2025-06-29,SUP005,PRD0069,CDC_ANT,30,30,4664.64,2025-08-30,2025-09-11,Closed,62,1
PO000426,POL0000426,2025-11-24,SUP003,PRD0050,CDC_ANT,8,5,163.01,2026-01-18,,Delayed,55,0
PO000427,POL0000427,2025-08-08,SUP006,PRD0052,CDC_COP,30,28,8697.41,2025-09-14,,Open,37,0
PO000428,POL0000428,2024-09-22,SUP004,PRD0065,CDC_COP,10,10,1053.81,2025-01-20,2025-01-22,Closed,120,0
PO000429,POL0000429,2025-01-13,SUP003,PRD0009,CDC_SCL,1,0,968.88,2025-03-06,,Open,52,0
PO000430,POL0000430,2026-03-27,SUP003,PRD0086,CDC_ANT,3,3,4296.48,2026-05-22,2026-06-04,Closed,56,1
PO000431,POL0000431,2024-09-27,SUP006,PRD0119,CDC_ANT,8,8,488.78,2024-11-12,2024-11-22,Closed,46,0
PO000432,POL0000432,2025-04-02,SUP009,PRD0070,CDC_CAL,3,3,30568.13,2025-05-22,2025-06-03,Closed,50,1
PO000433,POL0000433,2025-03-23,SUP009,PRD0106,CDC_COP,3,3,8509.08,2025-05-11,2025-05-04,Closed,49,0
PO000434,POL0000434,2026-05-24,SUP004,PRD0020,CDC_SCL,30,30,10044.02,2026-09-25,2026-10-01,Closed,124,0
PO000435,POL0000435,2025-02-28,SUP002,PRD0024,CDC_ANT,3,3,15744.04,2025-06-07,2025-06-04,Closed,99,0
PO000436,POL0000436,2025-02-15,SUP001,PRD0078,CDC_SCL,50,50,8754.24,2025-03-10,2025-04-03,Closed,23,0
PO000437,POL0000437,2024-05-02,SUP001,PRD0058,CDC_CAL,30,30,2753.5,2024-06-10,2024-06-27,Closed,39,1
PO000438,POL0000438,2024-02-20,SUP003,PRD0077,CDC_COP,30,30,244.57,2024-04-14,2024-04-08,Closed,54,0
PO000439,POL0000439,2025-01-14,SUP002,PRD0003,CDC_COP,3,3,8090.94,2025-04-21,2025-05-05,Closed,97,1
PO000440,POL0000440,2025-04-02,SUP002,PRD0002,CDC_ANT,30,30,14611.31,2025-07-01,2025-07-22,Closed,90,0
PO000441,POL0000441,2025-07-08,SUP010,PRD0119,CDC_COP,5,5,517.41,2025-10-11,2025-11-02,Closed,95,0
PO000442,POL0000442,2025-08-07,SUP008,PRD0027,CDC_ANT,2,2,5449.65,2025-09-11,2025-09-03,Closed,35,0
PO000443,POL0000443,2024-07-12,SUP003,PRD0030,CDC_COP,3,3,1069.16,2024-08-19,2024-08-30,Closed,38,0
PO000444,POL0000444,2026-03-28,SUP001,PRD0094,CDC_SCL,30,30,18709.17,2026-04-07,2026-04-23,Closed,10,0
PO000445,POL0000445,2024-01-13,SUP010,PRD0021,CDC_COP,2,2,1181.16,2024-05-13,2024-06-06,Closed,121,1
PO000446,POL0000446,2024-12-31,SUP006,PRD0035,CDC_CAL,5,5,5254.01,2025-02-23,2025-02-25,Closed,54,0
PO000447,POL0000447,2026-03-18,SUP003,PRD0035,CDC_COP,2,1,4759.28,2026-05-10,,Delayed,53,0
PO000448,POL0000448,2026-05-21,SUP004,PRD0067,CDC_COP,5,5,426.29,2026-09-09,2026-10-04,Closed,111,0
PO000449,POL0000449,2025-10-25,SUP008,PRD0081,CDC_SCL,2,1,934.75,2025-12-25,,Open,61,0
PO000450,POL0000450,2024-10-19,SUP008,PRD0114,CDC_COP,5,3,2352.23,2024-12-06,,Partially Received,48,1
PO000451,POL0000451,2024-05-07,SUP008,PRD0090,CDC_CAL,50,50,1683.92,2024-06-19,2024-06-24,Closed,43,0
PO000452,POL0000452,2024-02-25,SUP001,PRD0076,CDC_SCL,30,30,16375.92,2024-04-02,2024-04-14,Closed,37,0
PO000453,POL0000453,2024-01-29,SUP003,PRD0042,CDC_COP,1,0,3173.38,2024-02-21,,Partially Received,23,0
PO000454,POL0000454,2024-03-14,SUP003,PRD0007,CDC_ANT,2,0,2989.11,2024-04-22,,Open,39,0
PO000455,POL0000455,2024-07-24,SUP007,PRD0040,CDC_ANT,1,1,10299.56,2024-11-07,2024-11-18,Closed,106,0
PO000456,POL0000456,2026-05-13,SUP004,PRD0111,CDC_SCL,3,2,7947.61,2026-99-01,,Delayed,159,0
PO000457,POL0000457,2026-06-07,SUP010,PRD0089,CDC_COP,5,5,6204.46,2026-09-03,2026-09-25,Closed,88,0
PO000458,POL0000458,2024-02-23,SUP008,PRD0022,CDC_ANT,20,20,688.44,2024-04-14,2024-04-25,Closed,51,0
PO000459,POL0000459,2024-09-25,SUP009,PRD0056,CDC_CAL,8,8,30259.16,2024-11-16,2024-11-22,Closed,52,0
PO000460,POL0000460,2024-06-01,SUP005,PRD0070,CDC_ANT,3,3,27761.21,2024-08-02,2024-07-27,Closed,62,0
PO000461,POL0000461,2024-11-04,SUP004,PRD0010,CDC_CAL,30,30,6148.84,2025-02-13,2025-02-05,Closed,101,0
PO000462,POL0000462,2025-11-02,SUP004,PRD0057,CDC_CAL,5,5,7330.51,2026-03-24,2026-04-15,Closed,142,0
PO000463,POL0000463,2025-04-14,SUP007,PRD0059,CDC_COP,10,1,19353.73,2025-08-17,,Partially Received,125,0
PO000464,POL0000464,2025-10-19,SUP001,PRD0034,CDC_ANT,50,50,5630.29,2025-10-31,2025-10-24,Closed,12,0
PO000465,POL0000465,2024-10-11,SUP005,PRD0118,CDC_CAL,2,2,8101.32,2024-11-11,2024-11-30,Closed,480,0
PO000466,POL0000466,2024-06-28,SUP002,PRD0023,CDC_CAL,2,2,3331.16,2024-09-29,2024-10-18,Closed,93,0
PO000467,POL0000467,2024-09-15,SUP003,PRD0028,CDC_ANT,30,30,6024.74,2024-10-20,2024-11-05,Closed,35,0
PO000468,POL0000468,2025-01-17,SUP006,PRD0050,CDC_ANT,3,3,175.72,2025-02-13,2025-02-19,Closed,27,0
PO000469,POL0000469,2024-03-23,SUP003,PRD0059,CDC_ANT,2,2,20554.66,2024-04-09,2024-04-04,Closed,17,0
PO000470,POL0000470,2025-03-13,SUP008,PRD0069,CDC_COP,10,10,5294.77,2025-04-16,2025-04-17,Closed,34,0
PO000471,POL0000471,2024-02-12,SUP007,PRD0097,CDC_CAL,3,0,670.48,2024-06-07,,Delayed,116,0
PO000472,POL0000472,2025-05-31,SUP010,PRD0109,CDC_ANT,10,4,16494.76,2025-09-05,,Partially Received,97,0
PO000473,POL0000473,2024-04-18,SUP006,PRD0111,CDC_ANT,8,8,7711.73,2024-06-18,2024-06-13,Closed,61,1
PO000474,POL0000474,2026-01-10,SUP007,PRD0086,CDC_ANT,1,1,3689.14,2026-04-25,2026-04-23,Closed,105,0
PO000475,POL0000475,2025-05-06,SUP006,PRD0033,CDC_ANT,1,1,5906.89,2025-07-06,2025-06-29,Closed,61,0
PO000476,POL0000476,2026-01-02,SUP010,PRD0107,CDC_CAL,10,6,28028.56,2026-04-20,,Delayed,108,0
PO000477,POL0000477,2025-06-09,SUP003,PRD0051,CDC_SCL,1,0,22707.39,2025-07-15,,Delayed,36,0
PO000478,POL0000478,2024-03-05,SUP009,PRD0070,CDC_CAL,2,2,30750.51,2024-04-11,2024-05-01,Closed,37,0
PO000479,POL0000479,2024-06-25,SUP003,PRD0051,CDC_SCL,15,15,23420.3,2024-07-17,2024-07-25,Closed,22,0
PO000480,POL0000480,2026-02-11,SUP007,PRD0020,CDC_SCL,1,1,8851.08,2026-05-21,2026-06-07,Closed,99,0
PO000481,POL0000481,2024-06-05,SUP002,PRD0061,CDC_SCL,15,15,6604.59,2024-09-18,2024-09-17,Closed,105,1
PO000482,POL0000482,2024-09-02,SUP008,PRD0036,CDC_ANT,30,30,2567.43,2024-10-02,2024-10-08,Closed,30,0
PO000483,POL0000483,2024-03-15,SUP004,PRD0028,CDC_SCL,1,1,5994.45,2024-07-03,2024-07-12,Closed,110,0
PO000484,POL0000484,2024-10-03,SUP005,PRD0037,CDC_COP,8,4,312.05,2024-12-28,,Delayed,86,0
PO000485,POL0000485,2024-05-16,SUP003,PRD0065,CDC_CAL,3,3,1007.06,2024-06-30,2024-07-02,Closed,45,0
PO000486,POL0000486,2024-03-24,SUP007,PRD0059,CDC_CAL,1,1,20600.32,2024-07-18,2024-08-07,Closed,116,0
PO000487,POL0000487,2024-03-19,SUP009,PRD0106,CDC_ANT,1,1,8281.73,2024-04-14,2024-04-22,Closed,26,0
PO000488,POL0000488,2025-09-19,SUP010,PRD0046,CDC_ANT,10,10,341.13,2026-01-11,2026-01-31,Closed,114,0
PO000489,POL0000489,2024-08-10,SUP005,PRD0061,CDC_COP,2,2,6415.63,2024-11-05,2024-11-09,Closed,87,0
PO000490,POL0000490,2024-12-07,SUP005,PRD0037,CDC_SCL,15,15,317.47,2025-03-05,2025-03-07,Closed,88,0
PO000491,POL0000491,2025-05-26,SUP001,PRD0073,CDC_COP,50,50,26693.78,2025-06-12,2025-06-12,Closed,17,0
PO000492,POL0000492,2026-05-28,SUP002,PRD0023,CDC_COP,10,10,3028.77,2026-09-20,2026-09-13,Closed,115,0
PO000493,POL0000493,2024-02-21,SUP002,PRD0106,CDC_CAL,10,10,9552.31,2024-05-10,2024-05-02,Closed,79,1
PO000494,POL0000494,2026-02-06,SUP001,PRD0038,CDC_COP,15,15,34328.13,2026-02-28,2026-03-16,Closed,22,0
PO000495,POL0000495,2025-02-19,SUP004,PRD0092,CDC_CAL,1,1,12089.57,2025-07-12,2025-07-11,Closed,143,0
PO000496,POL0000496,2024-08-12,SUP009,PRD0029,CDC_ANT,30,30,6279.09,2024-09-01,2024-09-23,Closed,20,0
PO000497,POL0000497,2024-07-09,SUP009,PRD0118,CDC_COP,15,15,7417.7,2024-07-30,2024-08-15,Closed,21,0
PO000498,POL0000498,2025-09-11,SUP008,PRD0061,CDC_ANT,3,2,6869.54,2025-10-12,,Delayed,31,0
PO000499,POL0000499,2025-07-23,SUP006,PRD0020,CDC_COP,8,8,9079.12,2025-10-09,2025-10-04,Closed,78,1
PO000500,POL0000500,2024-03-14,SUP006,PRD0002,CDC_SCL,20,20,14589.85,2024-05-31,2024-05-23,Closed,78,0
PO000501,POL0000501,2026-02-22,SUP009,PRD0110,CDC_COP,10,10,5109.38,2026-04-12,2026-05-05,Closed,49,0
PO000502,POL0000502,2026-05-05,SUP003,PRD0103,CDC_ANT,50,50,5907.29,2026-07-01,2026-06-23,Closed,57,1
PO000503,POL0000503,2024-07-31,SUP004,PRD0092,CDC_CAL,20,20,11324.22,2024-11-25,2024-12-17,Closed,117,1
PO000504,POL0000504,2024-08-01,SUP003,PRD0009,CDC_COP,1,0,1025.42,2024-10-02,,Delayed,62,0
PO000505,POL0000505,2026-02-21,SUP010,PRD0086,CDC_ANT,10,10,4227.56,2026-06-03,2026-06-21,Closed,102,0
PO000506,POL0000506,2024-02-19,SUP004,PRD0066,CDC_COP,8,8,299.07,2024-06-29,2024-06-26,Closed,131,0
PO000507,POL0000507,2024-11-21,SUP005,PRD0019,CDC_SCL,3,3,1687.77,2025-01-14,2025-01-15,Closed,54,0
PO000508,POL0000508,2024-01-31,SUP004,PRD0106,CDC_CAL,15,15,8587.02,2024-05-25,2024-05-29,Closed,115,0
PO000509,POL0000509,2024-12-24,SUP006,PRD0010,CDC_COP,3,1,6230.5,2025-03-29,,Open,95,0
PO000510,POL0000510,2024-02-05,SUP005,PRD0063,CDC_SCL,1,1,5897.16,2024-05-07,2024-05-28,Closed,92,0
PO000511,POL0000511,2026-02-20,SUP009,PRD0053,CDC_COP,3,3,733.17,2026-04-06,2026-04-13,Closed,45,1
PO000512,POL0000512,2025-08-16,SUP008,PRD0093,CDC_SCL,20,20,28311.94,2025-10-12,2025-10-30,Closed,57,0
PO000513,POL0000513,2024-11-15,SUP006,PRD0069,CDC_COP,15,15,4948.94,2025-01-22,2025-02-08,Closed,68,0
PO000514,POL0000514,2024-10-17,SUP001,PRD0064,CDC_COP,5,1,21909.45,2024-10-27,,Open,10,0
PO000515,POL0000515,2025-04-04,SUP005,PRD0119,CDC_CAL,2,2,456.58,2025-06-22,2025-06-29,Closed,79,0
PO000516,POL0000516,2025-09-13,SUP001,PRD0022,CDC_COP,30,30,693.28,2025-10-02,2025-10-18,Closed,19,1
PO000517,POL0000517,2025-08-29,SUP006,PRD0058,CDC_COP,30,30,3006.02,2025-12-03,2025-12-15,Closed,96,1
PO000518,POL0000518,2025-08-01,SUP002,PRD0046,CDC_CAL,20,20,349.1,2025-11-12,2025-11-13,Closed,103,0
PO000519,POL0000519,2025-12-01,SUP004,PRD0039,CDC_CAL,15,15,8171.14,2026-03-22,2026-03-26,Closed,111,0
PO000520,POL0000520,2026-02-13,SUP001,PRD0092,CDC_SCL,2,2,12035.68,2026-03-15,2026-03-17,Closed,30,0
PO000521,POL0000521,2024-02-23,SUP006,PRD0039,CDC_CAL,8,8,7993.65,2024-05-01,2024-05-11,Closed,68,0
PO000522,POL0000522,2025-09-06,SUP004,PRD0041,CDC_SCL,50,50,15187.51,2026-01-21,2026-01-22,Closed,137,0
PO000523,POL0000523,2024-08-29,SUP007,PRD0008,CDC_CAL,3,1,3737.92,2024-12-27,,Partially Received,120,0
PO000524,POL0000524,2024-04-29,SUP004,PRD0083,CDC_CAL,1,1,2638.06,2024-08-27,2024-09-06,Closed,120,0
PO000525,POL0000525,2026-01-30,SUP004,PRD0017,CDC_SCL,2,2,4442.37,2026-06-16,2026-06-13,Closed,137,0
PO000526,POL0000526,2026-03-24,SUP004,PRD0102,CDC_ANT,30,30,967.12,2026-07-26,2026-07-28,Closed,124,0
PO000527,POL0000527,2024-11-29,SUP008,PRD0092,CDC_SCL,8,8,10872.89,2025-01-23,2025-01-25,Closed,55,0
PO000528,POL0000528,2025-02-07,SUP004,PRD0076,CDC_SCL,3,3,15909.88,2025-05-25,2025-06-18,Closed,107,0
PO000529,POL0000529,2024-05-22,SUP001,PRD0111,CDC_COP,8,8,8518.04,2024-06-09,2024-06-17,Closed,-5,0
PO000530,POL0000530,2025-01-29,SUP002,PRD0046,CDC_COP,2,2,370.6,2025-05-05,2025-05-17,Closed,96,0
PO000531,POL0000531,2025-09-29,SUP003,PRD0028,CDC_ANT,10,10,6500.18,2025-10-31,2025-11-13,Closed,32,0
PO000532,POL0000532,2026-04-10,SUP003,PRD0016,CDC_SCL,1,1,326.1,2026-06-10,2026-07-04,Closed,61,0
PO000533,POL0000533,2025-02-04,SUP001,PRD0066,CDC_ANT,3,3,283.06,2025-02-27,2025-02-19,Closed,23,1
PO000534,POL0000534,2025-06-23,SUP010,PRD0072,CDC_CAL,2,2,6298.46,2025-10-06,2025-10-16,Closed,105,0
PO000535,POL0000535,2026-06-13,SUP005,PRD0007,CDC_CAL,10,10,3303.72,2026-09-24,2026-09-25,Closed,103,0
PO000536,POL0000536,2025-01-24,SUP006,PRD0048,CDC_CAL,3,3,5216.82,2025-03-22,2025-04-11,Closed,57,0
PO000537,POL0000537,2024-11-06,SUP005,PRD0066,CDC_ANT,2,2,281.86,2024-12-05,2024-12-11,Closed,29,1
PO000538,POL0000538,2025-10-27,SUP005,PRD0090,CDC_COP,30,30,1645.44,2026-01-10,2026-01-08,Closed,75,1
PO000539,POL0000539,2024-11-08,SUP001,PRD0108,CDC_CAL,8,8,15950.91,2024-11-28,2024-12-16,Closed,20,1
PO000540,POL0000540,2025-12-17,SUP010,PRD0009,CDC_COP,2,2,1106.62,2026-03-27,2026-04-07,Closed,100,0
PO000541,POL0000541,2024-08-10,SUP009,PRD0091,CDC_CAL,20,20,554.84,2024-10-06,2024-10-12,Closed,57,0
PO000542,POL0000542,2026-04-10,SUP004,PRD0081,CDC_SCL,15,8,1085.68,2026-07-21,,Open,102,0
PO000543,POL0000543,2026-03-02,SUP005,PRD0060,CDC_COP,5,5,15677.35,2026-06-14,2026-06-10,Closed,104,0
PO000544,POL0000544,2025-03-26,SUP003,PRD0094,CDC_ANT,5,5,17778.22,2025-04-25,2025-05-06,Closed,30,0
PO000545,POL0000545,2025-03-30,SUP008,PRD0066,CDC_COP,20,20,297.14,2025-04-27,2025-05-12,Closed,28,1
PO000546,POL0000546,2024-11-24,SUP009,PRD0020,CDC_ANT,30,30,9938.78,2024-12-16,2025-01-08,Closed,22,0
PO000547,POL0000547,2025-07-27,SUP002,PRD0113,CDC_SCL,10,10,1025.74,2025-11-07,2025-11-12,Closed,103,0
PO000548,POL0000548,2025-09-07,SUP010,PRD0002,CDC_COP,20,20,14125.57,2025-11-30,2025-12-05,Closed,84,0
PO000549,POL0000549,2025-01-24,SUP003,PRD0090,CDC_ANT,10,0,1825.64,2025-02-20,,Open,27,1
PO000550,POL0000550,2024-09-22,SUP004,PRD0075,CDC_COP,10,10,1111.2,2025-02-01,2025-02-19,Closed,132,0
PO000551,POL0000551,2025-06-10,SUP004,PRD0017,CDC_ANT,15,15,3849.74,2025-09-14,2025-09-28,Closed,96,0
PO000552,POL0000552,2025-09-20,SUP010,PRD0118,CDC_CAL,20,10,6860.61,2026-01-10,,Partially Received,112,0
PO000553,POL0000553,2026-03-04,SUP004,PRD0096,CDC_ANT,50,50,1103.06,2026-06-23,2026-06-26,Closed,111,0
PO000554,POL0000554,2025-08-09,SUP010,PRD0062,CDC_ANT,10,10,10400.21,2025-11-15,2025-11-15,Closed,98,0
PO000555,POL0000555,2024-01-12,SUP009,PRD0052,CDC_COP,50,50,8187.83,2024-02-15,2024-02-25,Closed,34,0
PO000556,POL0000556,2025-07-30,SUP006,PRD0072,CDC_ANT,30,30,7646.13,2025-10-03,2025-09-27,Closed,65,0
PO000557,POL0000557,2025-12-29,SUP007,PRD0120,CDC_COP,3,3,8597.48,2026-05-07,2026-05-14,Closed,129,0
PO000558,POL0000558,2024-07-02,SUP009,PRD0045,CDC_CAL,5,5,4925.48,2024-08-10,2024-08-22,Closed,39,0
PO000559,POL0000559,2024-09-17,SUP008,PRD0007,CDC_COP,8,8,3067.31,2024-11-27,2024-12-17,Closed,71,0
PO000560,POL0000560,2024-04-15,SUP010,PRD0115,CDC_ANT,3,3,5721.9,2024-08-16,2024-08-25,Closed,123,0
PO000561,POL0000561,2026-04-06,SUP006,PRD0114,CDC_SCL,8,8,2148.27,2026-06-16,2026-06-30,Closed,71,0
PO000562,POL0000562,2024-08-23,SUP010,PRD0109,CDC_ANT,10,10,19928.38,2024-12-08,2024-12-07,Closed,107,0
PO000563,POL0000563,2026-05-20,SUP008,PRD0027,CDC_CAL,8,2,5678.64,2026-06-05,,Partially Received,16,0
PO000564,POL0000564,2025-11-17,SUP003,PRD0088,CDC_ANT,3,1,868.02,2026-01-04,,Partially Received,48,0
PO000565,POL0000565,2024-01-17,SUP005,PRD0106,CDC_SCL,3,3,8212.29,2024-04-16,2024-05-06,Closed,90,0
PO000566,POL0000566,2024-02-01,SUP003,PRD0111,CDC_CAL,50,50,7576.7,2026-99-01,2024-03-27,Closed,39,0
PO000567,POL0000567,2024-06-24,SUP009,PRD0068,CDC_ANT,20,18,8006.22,2024-07-27,,Delayed,33,0
PO000568,POL0000568,2025-03-26,SUP001,PRD0014,CDC_COP,30,30,31360.61,2025-04-06,2025-03-30,Closed,11,0
PO000569,POL0000569,2024-10-07,SUP010,PRD0027,CDC_SCL,50,50,6166.85,2024-12-16,2025-01-02,Closed,70,0
PO000570,POL0000570,2024-05-05,SUP004,PRD0046,CDC_SCL,30,30,390.08,2024-09-14,2024-10-09,Closed,132,0
PO000571,POL0000571,2024-06-02,SUP007,PRD0084,CDC_ANT,2,2,23878.69,2024-09-01,2024-09-01,Closed,91,0
PO000572,POL0000572,2024-01-12,SUP005,PRD0095,CDC_COP,1,1,6720.38,2024-03-27,2024-04-07,Closed,75,0
PO000573,POL0000573,2025-08-01,SUP006,PRD0010,CDC_ANT,20,20,6747.58,2025-08-20,2025-08-24,Closed,19,0
PO000574,POL0000574,2024-04-28,SUP008,PRD0068,CDC_COP,1,1,8420.68,2024-05-19,2024-05-14,Closed,21,0
PO000575,POL0000575,2024-11-03,SUP001,PRD0009,CDC_ANT,30,30,1037.0,2024-11-18,2024-11-23,Closed,15,0
PO000576,POL0000576,2025-11-07,SUP001,PRD0061,CDC_COP,10,10,6973.75,2025-12-03,2025-12-20,Closed,26,0
PO000577,POL0000577,2026-03-09,SUP008,PRD0059,CDC_ANT,8,8,21015.76,2026-04-30,2026-05-10,Closed,52,0
PO000578,POL0000578,2025-05-27,SUP010,PRD0080,CDC_COP,2,2,4794.59,2025-08-05,2025-08-22,Closed,70,0
PO000579,POL0000579,2025-03-09,SUP004,PRD0030,CDC_ANT,1,1,1205.0,2025-06-10,2025-06-24,Closed,93,1
PO000580,POL0000580,2025-09-04,SUP007,PRD0080,CDC_CAL,5,5,5247.98,2025-11-13,2025-11-12,Closed,70,0
PO000581,POL0000581,2025-01-21,SUP002,PRD0037,CDC_CAL,2,0,293.17,2025-04-26,,Partially Received,95,0
PO000582,POL0000582,2024-09-25,SUP010,PRD0076,CDC_COP,30,0,16636.11,2024-12-19,,Delayed,85,0
PO000583,POL0000583,2026-04-15,SUP009,PRD0083,CDC_ANT,2,0,2383.61,2026-05-31,,Partially Received,46,0
PO000584,POL0000584,2024-08-23,SUP010,PRD0059,CDC_CAL,20,20,20509.14,2024-11-30,2024-12-18,Closed,99,0
PO000585,POL0000585,2024-05-07,SUP001,PRD0093,CDC_SCL,15,15,27081.52,2024-05-25,2024-06-17,Closed,18,0
PO000586,POL0000586,2025-03-21,SUP001,PRD0076,CDC_CAL,5,3,16780.01,2025-04-18,,Open,28,0
PO000587,POL0000587,2024-09-13,SUP001,PRD0038,CDC_SCL,1,1,33904.07,2024-09-23,2024-09-22,Closed,10,0
PO000588,POL0000588,2026-03-08,SUP004,PRD0005,CDC_ANT,3,3,3914.26,2026-07-08,2026-07-15,Closed,122,0
PO000589,POL0000589,2024-03-17,SUP001,PRD0058,CDC_COP,5,5,2579.88,2024-04-01,2024-04-02,Closed,15,0
PO000590,POL0000590,2025-02-25,SUP001,PRD0091,CDC_CAL,3,3,622.73,2025-04-09,2025-04-19,Closed,43,0
PO000591,POL0000591,2025-02-15,SUP002,PRD0103,CDC_COP,2,2,6356.84,2025-06-02,2025-06-02,Closed,107,0
PO000592,POL0000592,2026-02-09,SUP005,PRD0006,CDC_CAL,5,5,8107.04,2026-04-13,2026-04-05,Closed,63,0
PO000593,POL0000593,2024-09-09,SUP005,PRD0060,CDC_COP,15,8,16159.11,2024-10-29,,Partially Received,50,0
PO000594,POL0000594,2025-11-28,SUP008,PRD0117,CDC_ANT,2,2,947.48,2025-12-16,2025-12-29,Closed,18,0
PO000595,POL0000595,2026-02-28,SUP001,PRD0073,CDC_CAL,1,0,24188.48,2026-03-24,,Delayed,24,0
PO000596,POL0000596,2024-05-31,SUP003,PRD0093,CDC_CAL,8,8,24313.74,2024-07-04,2024-07-10,Closed,34,0
PO000597,POL0000597,2024-12-10,SUP001,PRD0082,CDC_SCL,30,30,1252.01,2024-12-31,2025-01-02,Closed,480,0
PO000598,POL0000598,2025-08-07,SUP004,PRD0027,CDC_CAL,8,6,5247.85,2025-12-11,,Delayed,126,0
PO000599,POL0000599,2024-03-15,SUP002,PRD0085,CDC_SCL,50,50,5742.32,2024-07-17,2024-07-24,Closed,124,0
PO000600,POL0000600,2024-11-02,SUP002,PRD0079,CDC_ANT,3,3,6099.02,2025-02-10,2025-02-18,Closed,100,0
PO000601,POL0000601,2024-02-02,SUP004,PRD0025,CDC_CAL,3,3,463.95,2024-05-11,2024-05-10,Closed,99,0
PO000602,POL0000602,2025-02-27,SUP001,PRD0102,CDC_CAL,2,2,944.23,2025-03-17,2025-04-02,Closed,18,0
PO000603,POL0000603,2026-02-27,SUP009,PRD0026,CDC_COP,3,3,9298.15,2026-03-13,2026-03-20,Closed,14,0
PO000604,POL0000604,2025-10-22,SUP004,PRD0014,CDC_COP,15,15,35596.17,2026-02-10,2026-02-13,Closed,111,0
PO000605,POL0000605,2026-03-23,SUP010,PRD0061,CDC_ANT,5,5,6629.06,2026-06-12,2026-06-07,Closed,81,1
PO000606,POL0000606,2024-11-06,SUP004,PRD0091,CDC_CAL,3,0,619.05,2025-02-23,,Partially Received,109,0
PO000607,POL0000607,2026-03-13,SUP005,PRD0103,CDC_COP,20,20,6325.45,2026-05-31,2026-06-23,Closed,79,0
PO000608,POL0000608,2025-11-17,SUP001,PRD0058,CDC_ANT,3,3,2631.35,2025-12-07,2025-11-30,Closed,20,0
PO000609,POL0000609,2024-06-06,SUP004,PRD0019,CDC_SCL,5,5,1467.8,2024-10-09,2024-10-23,Closed,125,0
PO000610,POL0000610,2024-09-11,SUP010,PRD0079,CDC_COP,10,10,5647.08,2024-12-05,2024-12-27,Closed,85,0
PO000611,POL0000611,2024-04-08,SUP008,PRD0033,CDC_SCL,15,11,6198.53,2024-06-07,,Open,60,1
PO000612,POL0000612,2026-03-28,SUP007,PRD0023,CDC_ANT,1,1,3087.56,2026-05-18,2026-06-02,Closed,51,0
PO000613,POL0000613,2024-05-03,SUP005,PRD0099,CDC_ANT,10,10,2048.28,2024-06-25,2024-06-19,Closed,53,0
PO000614,POL0000614,2024-04-26,SUP004,PRD0082,CDC_SCL,1,3,1220.28,2024-09-02,2024-09-24,Closed,129,0
PO000615,POL0000615,2024-01-15,SUP006,PRD0066,CDC_CAL,1,1,253.7,2024-02-19,2024-02-17,Closed,35,0
PO000616,POL0000616,2024-07-16,SUP008,PRD0047,CDC_SCL,3,3,5106.33,2024-09-20,2024-10-15,Closed,66,0
PO000617,POL0000617,2024-08-02,SUP010,PRD0002,CDC_COP,15,15,14968.66,2024-11-30,2024-12-17,Closed,120,0
PO000618,POL0000618,2024-03-05,SUP006,PRD0049,CDC_COP,30,30,453.24,2024-03-30,2024-03-26,Closed,25,0
PO000619,POL0000619,2024-06-22,SUP007,PRD0014,CDC_COP,8,8,30367.88,2024-10-26,2024-10-30,Closed,126,0
PO000620,POL0000620,2024-11-07,SUP008,PRD0062,CDC_SCL,30,30,11542.67,2024-12-07,2024-12-24,Closed,30,0
PO000621,POL0000621,2024-11-08,SUP007,PRD0028,CDC_CAL,15,15,6594.71,2025-03-01,2025-03-01,Closed,113,0
PO000622,POL0000622,2026-02-18,SUP002,PRD0022,CDC_SCL,20,20,677.95,2026-05-20,2026-06-07,Closed,91,1
PO000623,POL0000623,2024-02-15,SUP001,PRD0028,CDC_COP,20,20,5912.44,2024-03-30,2024-03-25,Closed,44,1
PO000624,POL0000624,2024-01-05,SUP006,PRD0016,CDC_CAL,5,5,349.67,2024-03-02,2024-03-26,Closed,57,0
PO000625,POL0000625,2026-01-10,SUP005,PRD0067,CDC_CAL,2,2,441.49,2026-03-29,2026-03-21,Closed,78,0
PO000626,POL0000626,2026-04-20,SUP002,PRD0046,CDC_COP,2,1,338.01,2026-08-23,,Delayed,125,0
PO000627,POL0000627,2025-06-21,SUP010,PRD0100,CDC_ANT,50,50,1570.8,2025-09-08,2025-09-22,Closed,79,0
PO000628,POL0000628,2024-05-31,SUP007,PRD0073,CDC_ANT,1,0,28133.99,2024-09-22,,Delayed,114,1
PO000629,POL0000629,2026-03-12,SUP003,PRD0037,CDC_SCL,15,15,263.47,2026-05-23,2026-05-27,Closed,72,0
PO000630,POL0000630,2025-07-27,SUP002,PRD0116,CDC_COP,2,2,14017.26,2025-11-08,2025-11-13,Closed,104,0
PO000631,POL0000631,2024-05-27,SUP002,PRD0026,CDC_SCL,15,11,9311.26,2024-08-16,,Delayed,81,0
PO000632,POL0000632,2024-12-20,SUP004,PRD0118,CDC_ANT,50,50,6826.99,2025-05-06,2025-05-28,Closed,137,0
PO000633,POL0000633,2025-08-06,SUP006,PRD0087,CDC_COP,8,8,1175.14,2025-10-16,2025-11-03,Closed,71,0
PO000634,POL0000634,2025-10-12,SUP009,PRD0103,CDC_ANT,50,50,5557.35,2025-12-11,2026-01-03,Closed,60,0
PO000635,POL0000635,2024-05-14,SUP002,PRD0112,CDC_CAL,10,10,18323.42,2024-07-24,2024-07-28,Closed,71,0
PO000636,POL0000636,2025-12-22,SUP002,PRD0032,CDC_ANT,50,50,401.98,2026-03-27,2026-04-01,Closed,95,0
PO000637,POL0000637,2024-02-03,SUP006,PRD0055,CDC_ANT,2,1,387.68,2024-03-29,,Open,55,0
PO000638,POL0000638,2024-08-27,SUP005,PRD0066,CDC_ANT,10,10,262.27,2024-11-20,2024-12-07,Closed,85,0
PO000639,POL0000639,2024-11-05,SUP010,PRD0026,CDC_CAL,2,2,9650.19,2025-01-20,2025-01-15,Closed,0,1
PO000640,POL0000640,2026-06-21,SUP003,PRD0063,CDC_COP,20,4,5817.71,2026-08-11,,Open,51,1
PO000641,POL0000641,2026-03-10,SUP003,PRD0018,CDC_COP,30,30,1012.33,2026-03-29,2026-04-05,Closed,19,0
PO000642,POL0000642,2024-04-26,SUP001,PRD0087,CDC_SCL,50,50,1197.61,2024-05-12,2024-06-04,Closed,16,0
PO000643,POL0000643,2025-02-21,SUP003,PRD0087,CDC_SCL,2,2,1164.23,missing,2025-04-30,Closed,57,0
PO000644,POL0000644,2024-09-16,SUP010,PRD0041,CDC_COP,20,20,16172.57,2024-12-18,2025-01-08,Closed,93,0
PO000645,POL0000645,2026-02-17,SUP007,PRD0035,CDC_SCL,20,3,4970.41,2026-05-07,,Delayed,79,0
PO000646,POL0000646,2025-07-02,SUP005,PRD0099,CDC_CAL,2,2,2091.18,2025-08-21,2025-09-13,Closed,50,0
PO000647,POL0000647,2024-09-05,SUP003,PRD0040,CDC_CAL,15,15,10208.33,2024-10-09,2024-11-02,Closed,34,0
PO000648,POL0000648,2025-09-04,SUP001,PRD0117,CDC_COP,5,5,886.58,2025-09-14,2025-09-12,Closed,10,0
PO000649,POL0000649,2024-06-22,SUP006,PRD0018,CDC_ANT,3,3,1034.64,2024-09-14,2024-09-23,Closed,84,1
PO000650,POL0000650,2025-04-05,SUP010,PRD0036,CDC_COP,10,10,2607.08,2025-08-04,2025-08-10,Closed,121,0
PO000651,POL0000651,2025-12-14,SUP004,PRD0107,CDC_ANT,50,50,29338.31,2026-04-05,2026-04-30,Closed,112,0
PO000652,POL0000652,2026-01-22,SUP009,PRD0088,CDC_COP,20,20,880.91,2026-02-01,2026-02-12,Closed,10,0
PO000653,POL0000653,2025-04-18,SUP005,PRD0031,CDC_SCL,10,11,7290.14,2025-07-29,2025-08-17,Closed,102,0
PO000654,POL0000654,2024-11-14,SUP008,PRD0102,CDC_CAL,20,20,978.86,2025-01-04,2025-01-07,Closed,51,1
PO000655,POL0000655,2024-04-20,SUP004,PRD0032,CDC_COP,50,18,430.35,2024-08-01,,Open,103,0
PO000656,POL0000656,2024-07-26,SUP007,PRD0057,CDC_ANT,10,6,8025.19,2024-12-03,,Delayed,130,0
PO000657,POL0000657,2026-01-13,SUP010,PRD0055,CDC_COP,8,8,404.28,2026-04-01,2026-04-12,Closed,78,0
PO000658,POL0000658,2024-08-22,SUP008,PRD0080,CDC_ANT,3,3,5405.95,2024-11-16,2024-11-29,Closed,86,0
PO000659,POL0000659,2025-10-07,SUP005,PRD0016,CDC_SCL,2,2,363.55,2025-12-24,2026-01-05,Closed,78,1
PO000660,POL0000660,2025-03-11,SUP004,PRD0068,CDC_SCL,1,0,8211.53,2025-08-09,,Partially Received,151,0
PO000661,POL0000661,2024-08-22,SUP008,PRD0043,CDC_COP,15,15,14634.99,2024-10-05,2024-10-07,Closed,44,0
PO000662,POL0000662,2024-11-07,SUP009,PRD0046,CDC_COP,30,26,398.71,2024-11-17,,Open,10,1
PO000663,POL0000663,2025-05-04,SUP010,PRD0081,CDC_CAL,3,3,1083.53,2025-08-01,2025-08-12,Closed,89,1
PO000664,POL0000664,2025-02-11,SUP003,PRD0078,CDC_ANT,1,0,9672.35,2025-03-12,,Delayed,29,0
PO000665,POL0000665,2026-03-28,SUP008,PRD0065,CDC_CAL,20,20,999.91,2026-06-18,2026-06-22,Closed,82,1
PO000666,POL0000666,2026-05-28,SUP002,PRD0035,CDC_SCL,5,0,4409.29,2026-08-14,,Open,78,0
PO000667,POL0000667,2025-12-09,SUP006,PRD0091,CDC_ANT,5,5,529.09,2026-02-27,2026-03-15,Closed,80,0
PO000668,POL0000668,2024-09-01,SUP002,PRD0018,CDC_ANT,1,1,953.12,2024-12-21,2025-01-12,Closed,111,0
PO000669,POL0000669,2025-05-11,SUP010,PRD0024,CDC_SCL,20,20,16110.29,2025-09-11,2025-09-17,Closed,123,0
PO000670,POL0000670,2024-04-09,SUP003,PRD0053,CDC_CAL,8,8,830.97,2024-05-10,2024-06-02,Closed,31,0
PO000671,POL0000671,2026-03-24,SUP006,PRD0017,CDC_SCL,20,20,3998.24,2026-05-03,2026-05-05,Closed,40,0
PO000672,POL0000672,2025-10-08,SUP006,PRD0119,CDC_ANT,50,39,474.27,2025-12-23,,Partially Received,76,0
PO000673,POL0000673,2025-03-01,SUP007,PRD0024,CDC_SCL,2,2,16595.57,2025-07-01,2025-07-26,Closed,122,0
PO000674,POL0000674,2024-09-18,SUP009,PRD0048,CDC_CAL,8,8,4787.81,2024-10-22,2024-11-05,Closed,34,0
PO000675,POL0000675,2024-05-02,SUP008,PRD0008,CDC_SCL,50,50,3718.01,2024-07-08,2024-08-01,Closed,67,0
PO000676,POL0000676,2025-12-30,SUP004,PRD0032,CDC_ANT,8,8,449.74,2026-05-12,2026-05-16,Closed,133,0
PO000677,POL0000677,2025-03-15,SUP001,PRD0079,CDC_CAL,2,2,5823.53,2025-04-10,2025-04-25,Closed,26,0
PO000678,POL0000678,2026-03-13,SUP004,PRD0090,CDC_COP,30,30,1640.32,2026-07-11,2026-07-17,Closed,120,1
PO000679,POL0000679,2026-03-21,SUP010,PRD0073,CDC_SCL,1,0,24447.24,2026-07-26,,Partially Received,127,0
PO000680,POL0000680,2026-03-17,SUP001,PRD0102,CDC_SCL,20,20,1002.81,2026-03-27,2026-04-12,Closed,10,0
PO000681,POL0000681,2025-09-24,SUP010,PRD0117,CDC_CAL,15,15,899.98,2025-12-22,2025-12-21,Closed,89,1
PO000682,POL0000682,2026-04-01,SUP003,PRD0030,CDC_COP,2,2,1077.45,2026-05-06,2026-04-28,Closed,35,0
PO000683,POL0000683,2026-01-05,SUP010,PRD0029,CDC_COP,20,11,6376.83,2026-03-31,,Delayed,85,0
PO000684,POL0000684,2024-06-23,SUP009,PRD0043,CDC_ANT,10,3,15264.43,2024-08-22,,Partially Received,60,0
PO000685,POL0000685,2024-10-12,SUP002,PRD0017,CDC_COP,5,5,4179.35,2025-01-05,2025-01-30,Closed,85,0
PO000686,POL0000686,2024-05-15,SUP005,PRD0021,CDC_CAL,2,2,1227.79,2024-07-24,2024-08-06,Closed,70,1
PO000687,POL0000687,2026-02-28,SUP003,PRD0054,CDC_COP,1,1,2148.6,2026-03-11,2026-03-27,Closed,11,0
PO000688,POL0000688,2024-06-02,SUP005,PRD0085,CDC_ANT,8,8,5750.16,2024-08-09,2024-08-07,Closed,68,0
PO000689,POL0000689,2026-03-24,SUP010,PRD0059,CDC_SCL,5,0,21503.57,2026-06-21,,Open,89,1
PO000690,POL0000690,2024-01-11,SUP003,PRD0066,CDC_SCL,20,20,299.71,2024-03-03,2024-03-14,Closed,52,0
PO000691,POL0000691,2024-05-14,SUP007,PRD0061,CDC_CAL,15,15,6214.16,2024-09-14,2024-10-05,Closed,123,0
PO000692,POL0000692,2025-12-07,SUP002,PRD0048,CDC_ANT,50,22,4716.1,2026-03-25,,Open,108,0
PO000693,POL0000693,2024-05-26,SUP006,PRD0020,CDC_ANT,5,1,9150.11,2024-07-21,,Partially Received,56,1
PO000694,POL0000694,2026-04-06,SUP006,PRD0046,CDC_SCL,2,0,386.24,2026-05-12,,Delayed,36,0
PO000695,POL0000695,2024-10-11,SUP004,PRD0098,CDC_ANT,1,1,1220.98,2025-01-22,2025-02-07,Closed,-5,0
PO000696,POL0000696,2024-01-30,SUP010,PRD0022,CDC_SCL,15,15,686.44,2024-05-24,2024-05-20,Closed,115,0
PO000697,POL0000697,2026-05-28,SUP007,PRD0096,CDC_COP,10,10,1139.89,2026-08-24,2026-08-21,Closed,88,0
PO000698,POL0000698,2025-02-06,SUP010,PRD0072,CDC_ANT,30,30,7148.68,2025-05-02,2025-05-14,Closed,85,0
PO000699,POL0000699,2024-02-05,SUP001,PRD0034,CDC_ANT,3,0,5959.84,2024-02-17,,Open,12,0
PO000700,POL0000700,2025-12-13,SUP002,PRD0041,CDC_ANT,20,20,14563.71,2026-04-13,2026-04-14,Closed,121,0
PO000701,POL0000701,2024-10-02,SUP010,PRD0088,CDC_CAL,15,15,883.95,2024-12-19,2024-12-22,Closed,78,0
PO000702,POL0000702,2024-08-24,SUP001,PRD0094,CDC_CAL,8,8,18284.17,2024-09-03,2024-09-25,Closed,10,0
PO000703,POL0000703,2024-08-29,SUP009,PRD0052,CDC_SCL,1,1,9233.25,2024-09-26,2024-09-25,Closed,28,0
PO000704,POL0000704,2025-11-30,SUP009,PRD0098,CDC_SCL,1,0,1231.34,2025-12-27,,Delayed,27,0
PO000705,POL0000705,2026-05-12,SUP005,PRD0083,CDC_SCL,50,50,2353.17,2026-08-12,2026-08-10,Closed,92,0
PO000706,POL0000706,2024-08-23,SUP002,PRD0064,CDC_CAL,8,8,20577.45,2024-12-04,2024-12-09,Closed,103,1
PO000707,POL0000707,2026-01-04,SUP009,PRD0094,CDC_SCL,20,20,18895.34,2026-02-12,2026-02-04,Closed,39,0
PO000708,POL0000708,2024-06-10,SUP003,PRD0071,CDC_COP,8,8,863.34,2024-08-20,2024-08-29,Closed,71,0
PO000709,POL0000709,2026-06-05,SUP007,PRD0100,CDC_CAL,1,1,1536.82,2026-09-17,2026-09-19,Closed,104,0
PO000710,POL0000710,2024-12-01,SUP010,PRD0064,CDC_CAL,10,10,21983.21,2025-04-06,2025-04-26,Closed,126,0
PO000711,POL0000711,2025-06-18,SUP008,PRD0069,CDC_SCL,20,20,5061.73,2025-07-22,2025-07-31,Closed,34,1
PO000712,POL0000712,2025-10-31,SUP009,PRD0042,CDC_SCL,3,0,2799.17,2025-11-10,,Open,10,0
PO000713,POL0000713,2024-01-31,SUP006,PRD0061,CDC_ANT,2,2,6009.41,2024-04-24,2024-05-09,Closed,84,0
PO000714,POL0000714,2025-09-05,SUP003,PRD0079,CDC_ANT,8,8,5486.12,2025-10-09,2025-10-14,Closed,34,0
PO000715,POL0000715,2025-05-15,SUP005,PRD0060,CDC_SCL,15,13,14421.61,2025-08-20,,Delayed,97,0
PO000716,POL0000716,2024-04-24,SUP008,PRD0119,CDC_CAL,2,2,506.24,2024-06-03,2024-06-17,Closed,40,0
PO000717,POL0000717,2024-07-18,SUP008,PRD0004,CDC_COP,8,8,3747.04,2024-10-19,2024-11-02,Closed,93,1
PO000718,POL0000718,2026-03-20,SUP004,PRD0115,CDC_CAL,10,10,6464.58,2026-07-26,2026-07-26,Closed,128,0
PO000719,POL0000719,2024-03-19,SUP002,PRD0113,CDC_ANT,15,11,1100.71,2024-06-14,,Delayed,87,0
PO000720,POL0000720,2025-05-11,SUP001,PRD0005,CDC_SCL,8,8,3919.13,2025-06-04,2025-06-09,Closed,480,0
PO000721,POL0000721,2024-04-23,SUP010,PRD0054,CDC_ANT,2,2,2054.66,2024-06-29,2024-06-27,Closed,67,0
PO000722,POL0000722,2024-12-06,SUP010,PRD0066,CDC_COP,30,30,291.94,2025-03-15,2025-03-29,Closed,99,1
PO000723,POL0000723,2025-01-31,SUP003,PRD0044,CDC_SCL,10,10,25667.13,2025-04-13,2025-04-08,Closed,72,0
PO000724,POL0000724,2024-05-16,SUP006,PRD0095,CDC_SCL,30,30,6379.29,2024-07-25,2024-08-13,Closed,70,0
PO000725,POL0000725,2025-02-07,SUP002,PRD0075,CDC_SCL,30,30,1194.86,2025-06-19,2025-06-14,Closed,132,0
PO000726,POL0000726,2024-10-18,SUP008,PRD0002,CDC_ANT,15,15,14202.98,2024-11-26,2024-12-20,Closed,39,0
PO000727,POL0000727,2026-06-28,SUP006,PRD0064,CDC_CAL,50,50,21148.03,2026-09-24,2026-10-16,Closed,88,1
PO000728,POL0000728,2024-03-22,SUP010,PRD0051,CDC_CAL,15,15,21676.28,2024-06-23,2024-06-23,Closed,93,0
PO000729,POL0000729,2026-01-26,SUP008,PRD0051,CDC_SCL,50,50,20861.63,2026-03-12,2026-03-29,Closed,45,1
PO000730,POL0000730,2025-04-14,SUP002,PRD0022,CDC_ANT,5,5,692.61,2025-08-02,2025-08-22,Closed,110,0
PO000731,POL0000731,2024-01-08,SUP010,PRD0009,CDC_COP,15,15,974.86,2024-04-15,2024-05-02,Closed,98,0
PO000732,POL0000732,2026-01-06,SUP009,PRD0017,CDC_SCL,8,8,4260.99,2026-01-31,2026-02-20,Closed,25,0
PO000733,POL0000733,2025-11-12,SUP001,PRD0083,CDC_ANT,50,50,2414.69,2025-12-18,2025-12-19,Closed,36,0
PO000734,POL0000734,2024-12-16,SUP003,PRD0049,CDC_COP,20,20,462.37,2025-02-14,2025-02-16,Closed,60,0
PO000735,POL0000735,2024-04-19,SUP002,PRD0083,CDC_CAL,50,50,2425.12,2024-07-31,2024-08-06,Closed,103,0
PO000736,POL0000736,2025-09-26,SUP002,PRD0071,CDC_ANT,2,0,1036.62,2025-12-13,,Partially Received,78,0
PO000737,POL0000737,2024-01-22,SUP007,PRD0074,CDC_COP,50,50,26302.43,2024-05-19,2024-05-31,Closed,118,0
PO000738,POL0000738,2026-05-07,SUP003,PRD0002,CDC_SCL,5,5,13889.89,2026-06-30,2026-07-13,Closed,54,0
PO000739,POL0000739,2026-02-16,SUP008,PRD0043,CDC_CAL,10,10,13217.1,2026-04-06,2026-04-21,Closed,49,0
PO000740,POL0000740,2024-06-21,SUP009,PRD0068,CDC_CAL,30,30,8032.49,2024-07-20,2024-07-29,Closed,29,0
PO000741,POL0000741,2025-08-27,SUP003,PRD0065,CDC_SCL,15,15,943.72,2025-10-09,2025-10-01,Closed,43,0
PO000742,POL0000742,2025-05-07,SUP008,PRD0047,CDC_CAL,1,1,5465.18,2025-06-24,2025-06-16,Closed,48,0
PO000743,POL0000743,2025-09-29,SUP010,PRD0018,CDC_SCL,5,5,974.68,2025-12-29,2025-12-27,Closed,91,0
PO000744,POL0000744,2025-09-15,SUP007,PRD0058,CDC_COP,1,0,2626.51,2026-01-07,,Open,114,0
PO000745,POL0000745,2024-09-16,SUP006,PRD0025,CDC_SCL,10,0,445.39,2024-10-28,,Delayed,42,0
PO000746,POL0000746,2025-07-06,SUP001,PRD0031,CDC_SCL,10,10,7277.52,2025-08-09,2025-08-26,Closed,34,0
PO000747,POL0000747,2024-01-07,SUP003,PRD0005,CDC_SCL,30,30,4158.11,2024-02-23,2024-03-08,Closed,47,0
PO000748,POL0000748,2024-08-01,SUP004,PRD0077,CDC_SCL,2,2,248.57,2024-11-23,2024-12-01,Closed,114,0
PO000749,POL0000749,2025-12-13,SUP001,PRD0060,CDC_CAL,15,5,16272.91,2026-01-03,,Partially Received,21,0
PO000750,POL0000750,2025-08-08,SUP001,PRD0098,CDC_COP,3,3,1150.96,2025-08-30,2025-09-11,Closed,480,0
PO000751,POL0000751,2026-05-06,SUP010,PRD0089,CDC_ANT,5,5,6196.34,2026-08-25,2026-08-27,Closed,111,0
PO000752,POL0000752,2026-03-25,SUP001,PRD0056,CDC_ANT,30,30,26485.91,2026-05-13,2026-05-22,Closed,49,0
PO000753,POL0000753,2026-02-01,SUP001,PRD0096,CDC_SCL,15,15,1183.79,2026-04-11,2026-05-01,Closed,69,0
PO000754,POL0000754,2025-06-11,SUP009,PRD0106,CDC_CAL,3,2,8988.19,2025-07-03,,Delayed,22,0
PO000755,POL0000755,2025-12-05,SUP005,PRD0050,CDC_COP,10,10,176.64,2026-02-14,2026-03-03,Closed,71,1
PO000756,POL0000756,2025-10-12,SUP004,PRD0077,CDC_CAL,15,15,238.92,2026-02-20,2026-03-14,Closed,131,0
PO000757,POL0000757,2026-02-09,SUP001,PRD0042,CDC_COP,2,2,2706.0,2026-03-29,2026-04-03,Closed,48,0
PO000758,POL0000758,2024-07-11,SUP008,PRD0056,CDC_CAL,3,3,30109.57,2024-08-15,2024-08-25,Closed,35,0
PO000759,POL0000759,2026-02-27,SUP001,PRD0107,CDC_COP,8,8,28571.92,2026-03-29,2026-04-21,Closed,30,0
PO000760,POL0000760,2025-08-24,SUP001,PRD0109,CDC_ANT,20,20,18634.75,2025-09-22,2025-09-28,Closed,29,0
PO000761,POL0000761,2026-04-19,SUP010,PRD0067,CDC_SCL,3,3,391.95,2026-08-06,2026-07-29,Closed,109,0
PO000762,POL0000762,2025-04-02,SUP002,PRD0039,CDC_COP,3,3,7868.57,2025-06-13,2025-06-05,Closed,72,0
PO000763,POL0000763,2025-10-11,SUP001,PRD0075,CDC_CAL,3,3,1113.12,2025-10-25,2025-11-02,Closed,14,0
PO000764,POL0000764,2024-08-19,SUP005,PRD0092,CDC_ANT,20,20,10974.33,2024-09-26,2024-10-15,Closed,38,0
PO000765,POL0000765,2025-10-09,SUP001,PRD0021,CDC_COP,50,20,1123.92,2025-10-27,,Delayed,18,0
PO000766,POL0000766,2025-12-10,SUP010,PRD0031,CDC_CAL,1,1,7527.81,2026-03-07,2026-03-16,Closed,87,0
PO000767,POL0000767,2025-03-06,SUP002,PRD0105,CDC_ANT,15,1,399.22,2025-06-18,,Partially Received,104,0
PO000768,POL0000768,2024-07-15,SUP005,PRD0099,CDC_ANT,30,30,2204.55,2024-10-07,2024-09-30,Closed,84,0
PO000769,POL0000769,2026-05-23,SUP007,PRD0033,CDC_ANT,10,10,5612.41,2026-10-16,2026-10-31,Closed,146,0
PO000770,POL0000770,2024-11-26,SUP008,PRD0079,CDC_ANT,50,50,5400.78,2025-01-27,2025-02-13,Closed,62,0
PO000771,POL0000771,2024-05-18,SUP010,PRD0022,CDC_COP,20,20,692.63,2024-09-15,2024-09-15,Closed,120,1
PO000772,POL0000772,2025-09-13,SUP005,PRD0106,CDC_CAL,20,8,9422.3,2025-11-26,,Delayed,74,0
PO000773,POL0000773,2024-09-08,SUP006,PRD0049,CDC_CAL,30,30,463.56,2024-11-11,2024-11-14,Closed,64,0
PO000774,POL0000774,2025-12-16,SUP006,PRD0041,CDC_COP,30,30,16275.78,2026-02-07,2026-02-03,Closed,53,0
PO000775,POL0000775,2026-06-04,SUP003,PRD0042,CDC_CAL,2,0,2659.87,2026-07-03,,Partially Received,29,0
PO000776,POL0000776,2025-01-28,SUP007,PRD0015,CDC_ANT,2,2,27156.65,2025-05-17,2025-05-10,Closed,109,0
PO000777,POL0000777,2025-01-10,SUP003,PRD0018,CDC_SCL,1,0,965.26,2025-02-12,,Open,33,0
PO000778,POL0000778,2024-03-05,SUP002,PRD0043,CDC_COP,2,2,13342.98,2024-05-21,2024-05-20,Closed,77,0
PO000779,POL0000779,2024-05-09,SUP007,PRD0033,CDC_CAL,1,1,5565.42,2024-08-06,2024-08-26,Closed,89,0
PO000780,POL0000780,2025-01-26,SUP008,PRD0048,CDC_SCL,50,50,5200.77,2025-04-03,2025-04-23,Closed,67,0
PO000781,POL0000781,2024-11-11,SUP005,PRD0044,CDC_COP,3,3,28073.0,2025-02-02,2025-01-30,Closed,83,0
PO000782,POL0000782,2024-04-02,SUP005,PRD0071,CDC_ANT,8,8,874.89,2024-06-19,2024-07-12,Closed,78,0
PO000783,POL0000783,2024-06-29,SUP010,PRD0023,CDC_SCL,1,1,3201.99,2024-10-24,2024-10-23,Closed,117,0
PO000784,POL0000784,2025-09-09,SUP003,PRD0040,CDC_ANT,2,1,10147.21,2025-10-16,,Delayed,37,0
PO000785,POL0000785,2024-04-05,SUP007,PRD0001,CDC_COP,30,13,25927.94,2024-08-11,,Partially Received,128,0
PO000786,POL0000786,2025-04-11,SUP002,PRD0106,CDC_SCL,1,1,7952.34,2025-08-16,2025-08-18,Closed,127,0
PO000787,POL0000787,2026-04-21,SUP010,PRD0099,CDC_SCL,3,3,2258.71,2026-08-03,2026-08-15,Closed,104,0
PO000788,POL0000788,2024-08-01,SUP010,PRD0090,CDC_ANT,15,5,1817.71,2024-10-20,,Open,80,0
PO000789,POL0000789,2024-05-03,SUP004,PRD0064,CDC_COP,10,3,21914.92,2024-09-29,,Delayed,149,0
PO000790,POL0000790,2024-12-23,SUP009,PRD0089,CDC_CAL,30,30,5952.89,2025-01-20,2025-01-18,Closed,28,0
PO000791,POL0000791,2025-02-24,SUP010,PRD0060,CDC_SCL,30,20,17011.0,2025-06-21,,Delayed,117,0
PO000792,POL0000792,2024-05-10,SUP004,PRD0065,CDC_ANT,30,30,993.23,2024-10-12,2024-10-20,Closed,155,0
PO000793,POL0000793,2025-08-21,SUP004,PRD0107,CDC_SCL,20,20,27110.58,2025-11-29,2025-12-03,Closed,100,0
PO000794,POL0000794,2024-09-04,SUP005,PRD0017,CDC_ANT,50,50,3944.61,2024-12-20,2025-01-12,Closed,107,0
PO000795,POL0000795,2025-10-05,SUP010,PRD0018,CDC_COP,8,8,1073.99,2026-01-03,2026-01-10,Closed,90,0
PO000796,POL0000796,2025-07-10,SUP010,PRD0113,CDC_SCL,30,30,1037.55,2024-11-31,2025-10-23,Closed,111,0
PO000797,POL0000797,2025-09-11,SUP008,PRD0097,CDC_CAL,8,8,628.34,2025-10-05,2025-10-15,Closed,24,0
PO000798,POL0000798,2024-03-09,SUP001,PRD0059,CDC_ANT,8,8,20212.75,2024-04-26,2024-04-18,Closed,48,0
PO000799,POL0000799,2025-12-14,SUP006,PRD0041,CDC_SCL,50,2,15804.13,2026-02-28,,Partially Received,76,0
PO000800,POL0000800,2024-11-18,SUP009,PRD0003,CDC_CAL,10,13,7240.17,2025-01-01,2025-01-06,Closed,44,0
PO000801,POL0000801,2024-11-20,SUP008,PRD0060,CDC_SCL,5,5,15182.2,2025-02-02,2025-02-13,Closed,74,0
PO000802,POL0000802,2026-01-23,SUP005,PRD0089,CDC_ANT,10,10,6611.71,2026-04-10,2026-04-23,Closed,77,0
PO000803,POL0000803,2025-09-24,SUP004,PRD0037,CDC_COP,8,8,277.87,2026-01-01,2025-12-31,Closed,99,0
PO000804,POL0000804,2024-04-17,SUP004,PRD0066,CDC_COP,3,5,283.92,2024-07-31,2024-07-24,Closed,105,0
PO000805,POL0000805,2024-05-28,SUP010,PRD0051,CDC_CAL,20,20,22896.87,2024-09-10,2024-09-10,Closed,105,0
PO000806,POL0000806,2025-10-31,SUP006,PRD0047,CDC_SCL,30,30,5765.82,2025-12-20,2026-01-14,Closed,50,0
PO000807,POL0000807,2025-05-03,SUP006,PRD0047,CDC_COP,15,15,5405.34,2025-07-09,2025-07-04,Closed,67,0
PO000808,POL0000808,2025-02-02,SUP009,PRD0029,CDC_ANT,3,3,6109.42,2025-03-02,2025-03-25,Closed,28,0
PO000809,POL0000809,2025-08-11,SUP003,PRD0010,CDC_SCL,50,50,6693.06,2025-09-24,2025-10-02,Closed,44,1
PO000810,POL0000810,2025-02-24,SUP005,PRD0012,CDC_CAL,20,7,331.08,2025-04-11,,Delayed,46,0
PO000811,POL0000811,2024-02-09,SUP007,PRD0042,CDC_SCL,10,10,3067.17,2024-06-21,2024-07-12,Closed,133,0
PO000812,POL0000812,2026-03-02,SUP004,PRD0085,CDC_ANT,5,5,5010.31,2026-07-09,2026-07-31,Closed,129,0
PO000813,POL0000813,2024-01-27,SUP001,PRD0086,CDC_COP,8,8,4237.99,2024-03-07,2024-03-15,Closed,40,0
PO000814,POL0000814,2026-03-01,SUP004,PRD0098,CDC_COP,10,10,1200.53,2026-07-13,2026-08-06,Closed,134,0
PO000815,POL0000815,2024-01-29,SUP003,PRD0031,CDC_COP,15,15,8008.39,2024-02-27,2024-03-01,Closed,29,0
PO000816,POL0000816,2024-02-17,SUP004,PRD0015,CDC_COP,50,50,25998.92,2024-07-09,2024-07-20,Closed,143,0
PO000817,POL0000817,2024-05-02,SUP002,PRD0057,CDC_ANT,3,0,8088.76,2024-07-27,,Open,86,0
PO000818,POL0000818,2025-11-03,SUP009,PRD0041,CDC_CAL,2,1,16912.41,2025-12-11,,Open,38,0
PO000819,POL0000819,2024-10-17,SUP010,PRD0068,CDC_ANT,2,2,7351.01,2025-01-07,2025-01-24,Closed,82,0
PO000820,POL0000820,2024-07-01,SUP003,PRD0069,CDC_ANT,50,21,5357.52,2024-08-17,,Open,47,0
PO000821,POL0000821,2025-02-22,SUP007,PRD0083,CDC_CAL,1,1,2582.41,2025-05-27,2025-06-05,Closed,94,0
PO000822,POL0000822,2025-12-14,SUP004,PRD0070,CDC_CAL,10,10,27433.62,2026-04-30,2026-05-13,Closed,137,0
PO000823,POL0000823,2025-03-28,SUP001,PRD0119,CDC_COP,1,1,487.65,2025-05-02,2025-05-25,Closed,35,0
PO000824,POL0000824,2024-03-02,SUP003,PRD0025,CDC_SCL,50,50,513.17,2024-04-18,2024-05-11,Closed,47,0
PO000825,POL0000825,2025-06-07,SUP006,PRD0119,CDC_COP,10,9,523.22,2025-07-30,,Partially Received,53,0
PO000826,POL0000826,2026-01-23,SUP001,PRD0056,CDC_CAL,10,6,25673.32,2026-02-15,,Open,23,0
PO000827,POL0000827,2025-01-22,SUP007,PRD0063,CDC_SCL,8,17,5711.09,2025-04-19,2025-05-04,Closed,87,0
PO000828,POL0000828,2024-09-08,SUP002,PRD0025,CDC_CAL,2,0,485.88,2024-12-10,,Partially Received,93,0
PO000829,POL0000829,2024-08-07,SUP004,PRD0070,CDC_COP,20,3,26287.06,2024-12-26,,Open,141,0
PO000830,POL0000830,2024-08-21,SUP003,PRD0001,CDC_CAL,2,2,25957.21,2024-09-12,2024-09-09,Closed,22,0
PO000831,POL0000831,2024-01-14,SUP008,PRD0039,CDC_COP,30,16,8436.75,2024-03-03,,Delayed,49,0
PO000832,POL0000832,2024-06-19,SUP002,PRD0068,CDC_ANT,30,30,7277.58,2024-09-16,2024-09-27,Closed,89,0
PO000833,POL0000833,2025-04-02,SUP008,PRD0107,CDC_CAL,8,8,25815.19,2025-06-09,2025-06-02,Closed,68,0
PO000834,POL0000834,2025-10-31,SUP008,PRD0050,CDC_ANT,20,20,188.14,2026-01-02,2025-12-30,Closed,63,0
PO000835,POL0000835,2025-12-31,SUP007,PRD0028,CDC_SCL,10,10,5717.35,2026-04-25,2026-05-04,Closed,115,0
PO000836,POL0000836,2025-08-12,SUP004,PRD0090,CDC_COP,20,13,1774.5,2025-10-19,,Open,68,0
PO000837,POL0000837,2024-07-01,SUP010,PRD0008,CDC_ANT,10,10,3757.41,2024-10-18,2024-11-10,Closed,109,0
PO000838,POL0000838,2025-10-08,SUP007,PRD0119,CDC_SCL,20,29,509.42,2026-01-09,,Delayed,93,0
PO000839,POL0000839,2024-09-17,SUP008,PRD0101,CDC_CAL,1,1,4995.45,2024-10-16,2024-10-30,Closed,29,0
PO000840,POL0000840,2025-06-08,SUP002,PRD0036,CDC_SCL,50,50,2421.45,2025-09-18,2025-09-28,Closed,102,0
PO000841,POL0000841,2024-10-22,SUP008,PRD0014,CDC_CAL,8,8,35730.43,2024-12-29,2025-01-09,Closed,68,0
PO000842,POL0000842,2024-09-24,SUP003,PRD0027,CDC_SCL,3,2,6135.88,2024-12-30,,Delayed,97,1
PO000843,POL0000843,2025-06-20,SUP009,PRD0022,CDC_COP,50,50,757.97,2025-08-18,2025-08-12,Closed,59,0
PO000844,POL0000844,2026-01-13,SUP002,PRD0095,CDC_COP,20,11,6196.59,2026-05-13,,Open,120,0
PO000845,POL0000845,2025-12-17,SUP001,PRD0038,CDC_CAL,8,8,36715.82,2026-02-03,2026-02-18,Closed,48,0
PO000846,POL0000846,2024-03-09,SUP003,PRD0024,CDC_ANT,30,30,14755.28,2024-05-17,2024-05-09,Closed,69,0
PO000847,POL0000847,2025-06-06,SUP003,PRD0072,CDC_ANT,10,10,6404.47,2025-06-16,2025-06-27,Closed,10,0
PO000848,POL0000848,2024-08-04,SUP001,PRD0047,CDC_COP,20,20,5172.99,2024-08-22,2024-09-10,Closed,18,0
PO000849,POL0000849,2025-03-06,SUP006,PRD0069,CDC_SCL,10,10,4530.85,2025-05-14,2025-05-08,Closed,69,0
PO000850,POL0000850,2025-11-24,SUP003,PRD0081,CDC_ANT,2,2,1015.79,2025-12-24,2025-12-31,Closed,30,0
PO000851,POL0000851,2025-07-10,SUP010,PRD0019,CDC_SCL,5,5,1599.06,2025-10-26,2025-10-30,Closed,108,0
PO000852,POL0000852,2024-07-08,SUP006,PRD0001,CDC_ANT,1,1,24446.29,2024-09-17,2024-10-08,Closed,71,0
PO000853,POL0000853,2026-03-19,SUP010,PRD0098,CDC_COP,3,3,1242.46,2026-06-27,2026-07-01,Closed,100,0
PO000854,POL0000854,2024-08-20,SUP005,PRD0107,CDC_ANT,2,2,30568.9,2024-11-10,2024-11-02,Closed,82,0
PO000855,POL0000855,2025-05-26,SUP002,PRD0112,CDC_COP,2,2,16175.28,2025-08-18,2025-09-11,Closed,84,0
PO000856,POL0000856,2024-05-21,SUP010,PRD0029,CDC_CAL,20,20,6724.52,2024-08-28,2024-08-30,Closed,99,0
PO000857,POL0000857,2026-01-17,SUP003,PRD0074,CDC_SCL,30,30,26220.18,2026-02-05,2026-02-16,Closed,19,0
PO000858,POL0000858,2026-05-10,SUP010,PRD0083,CDC_ANT,5,5,2597.4,2026-09-11,2026-09-26,Closed,124,1
PO000859,POL0000859,2024-01-11,SUP002,PRD0007,CDC_ANT,50,50,3559.24,2024-04-10,2024-04-26,Closed,90,0
PO000860,POL0000860,2025-10-26,SUP007,PRD0082,CDC_ANT,2,2,1273.42,2026-01-19,2026-01-14,Closed,85,0
PO000861,POL0000861,2024-03-08,SUP004,PRD0057,CDC_CAL,30,30,7111.56,2024-06-26,2024-07-04,Closed,110,0
PO000862,POL0000862,2025-02-27,SUP009,PRD0068,CDC_CAL,10,4,8197.78,2025-03-17,,Delayed,18,0
PO000863,POL0000863,2024-12-15,SUP010,PRD0073,CDC_COP,8,8,29404.93,2025-03-28,2025-04-18,Closed,103,0
PO000864,POL0000864,2026-05-25,SUP003,PRD0003,CDC_CAL,1,1,7803.24,2026-06-12,2026-06-16,Closed,18,0
PO000865,POL0000865,2024-10-04,SUP009,PRD0099,CDC_COP,3,3,2276.8,2024-12-01,2024-12-13,Closed,58,1
PO000866,POL0000866,2024-03-16,SUP002,PRD0014,CDC_CAL,2,0,35745.43,2024-07-12,,Partially Received,118,0
PO000867,POL0000867,2024-09-01,SUP007,PRD0045,CDC_COP,30,30,5294.59,2025-01-06,2025-01-28,Closed,127,0
PO000868,POL0000868,2025-01-27,SUP006,PRD0021,CDC_COP,15,15,1036.29,2025-02-23,2025-03-03,Closed,27,0
PO000869,POL0000869,2024-06-01,SUP002,PRD0070,CDC_CAL,20,20,28672.09,2024-10-01,2024-10-12,Closed,122,0
PO000870,POL0000870,2025-03-26,SUP002,PRD0107,CDC_COP,8,2,28870.46,2025-06-25,,Delayed,91,1
PO000871,POL0000871,2025-02-11,SUP007,PRD0045,CDC_ANT,20,20,5261.46,2025-05-08,2025-05-04,Closed,86,0
PO000872,POL0000872,2025-07-10,SUP007,PRD0034,CDC_COP,10,10,6175.38,2025-11-08,2025-11-07,Closed,121,0
PO000873,POL0000873,2025-03-31,SUP008,PRD0116,CDC_SCL,15,15,14177.15,2025-07-12,2025-08-01,Closed,103,0
PO000874,POL0000874,2025-05-12,SUP006,PRD0026,CDC_ANT,3,3,9541.58,2025-06-23,2025-07-16,Closed,42,0
PO000875,POL0000875,2025-09-13,SUP008,PRD0068,CDC_ANT,1,1,8585.2,2025-11-07,2025-11-30,Closed,55,0
PO000876,POL0000876,2025-07-20,SUP007,PRD0063,CDC_SCL,20,20,5486.34,2025-10-17,2025-11-10,Closed,89,1
PO000877,POL0000877,2026-02-27,SUP008,PRD0060,CDC_COP,2,2,14911.35,2026-04-30,2026-04-22,Closed,62,0
PO000878,POL0000878,2025-09-15,SUP001,PRD0055,CDC_SCL,5,5,414.05,2025-11-09,2025-11-04,Closed,55,0
PO000879,POL0000879,2025-08-15,SUP008,PRD0038,CDC_COP,10,3,34304.86,2025-10-16,,Open,62,0
PO000880,POL0000880,2025-02-09,SUP002,PRD0083,CDC_COP,2,2,2340.16,2025-05-24,2025-05-31,Closed,104,0
PO000881,POL0000881,2026-03-09,SUP001,PRD0050,CDC_ANT,5,5,188.26,2026-05-03,2026-05-08,Closed,55,0
PO000882,POL0000882,2024-05-06,SUP006,PRD0024,CDC_COP,20,20,17378.81,2024-08-06,2024-08-13,Closed,92,0
PO000883,POL0000883,2026-05-11,SUP005,PRD0005,CDC_COP,10,10,4468.72,2026-07-13,2026-07-16,Closed,63,0
PO000884,POL0000884,2025-09-05,SUP002,PRD0055,CDC_SCL,2,2,364.85,2025-12-30,2025-12-28,Closed,116,0
PO000885,POL0000885,2025-06-10,SUP001,PRD0086,CDC_ANT,20,20,3686.57,2025-06-20,2025-06-15,Closed,10,0
PO000886,POL0000886,2024-08-14,SUP004,PRD0064,CDC_COP,2,2,22995.85,2024-11-08,2024-11-17,Closed,86,1
PO000887,POL0000887,2024-10-03,SUP006,PRD0088,CDC_CAL,8,3,831.97,2025-01-14,,Partially Received,103,0
PO000888,POL0000888,2025-08-25,SUP007,PRD0021,CDC_CAL,1,1,1057.46,2026-01-13,2026-01-25,Closed,141,0
PO000889,POL0000889,2024-05-27,SUP002,PRD0044,CDC_ANT,1,1,28068.85,2024-08-20,2024-09-02,Closed,85,1
PO000890,POL0000890,2025-05-29,SUP002,PRD0110,CDC_CAL,8,8,4426.97,2025-09-10,2025-09-12,Closed,104,0
PO000891,POL0000891,2024-03-30,SUP003,PRD0081,CDC_ANT,5,5,935.68,2024-04-11,2024-04-18,Closed,12,0
PO000892,POL0000892,2026-06-19,SUP006,PRD0088,CDC_CAL,30,30,807.24,2026-09-14,2026-09-10,Closed,87,0
PO000893,POL0000893,2024-10-05,SUP008,PRD0063,CDC_CAL,1,1,5529.93,2024-12-02,2024-12-07,Closed,58,0
PO000894,POL0000894,2025-06-09,SUP008,PRD0082,CDC_CAL,30,30,1179.03,2025-08-21,2025-09-05,Closed,73,0
PO000895,POL0000895,2024-10-03,SUP007,PRD0084,CDC_ANT,20,20,25213.29,2025-01-06,2025-01-26,Closed,95,0
PO000896,POL0000896,2026-02-02,SUP005,PRD0097,CDC_COP,50,50,736.39,2026-04-10,2026-04-28,Closed,67,0
PO000897,POL0000897,2024-05-01,SUP008,PRD0074,CDC_SCL,5,5,26711.93,2024-06-23,2024-07-14,Closed,53,0
PO000898,POL0000898,2025-03-24,SUP006,PRD0023,CDC_SCL,3,3,2923.69,2025-05-27,2025-06-15,Closed,64,0
PO000899,POL0000899,2026-05-27,SUP004,PRD0064,CDC_CAL,8,8,21307.21,2026-09-20,2026-10-03,Closed,116,0
